This is a logfile generated by pires.obd.readerlat:42.62572901;long:-71.05901784;alt:33.0;vehicleid:;readings:otocol AUTO=OK; Reset OBD=ATZELM327v1.3a; Echo Off=OK; Timeout=OK; Line Feed Off=OK
TIME;LATITUDE;LONGITUDE;VEHICLE_ID;BAROMETRIC_PRESSURE;ENGINE_COOLANT_TEMP;FUEL_LEVEL;ENGINE_LOAD;AMBIENT_AIR_TEMP;ENGINE_RPM;INTAKE_MANIFOLD_PRESSURE;MAF;Term Fuel Trim Bank 1;FUEL_ECONOMY;Long Term Fuel Trim Bank 2;FUEL_TYPE;AIR_INTAKE_TEMP;FUEL_PRESSURE;SPEED;Short Term Fuel Trim Bank 2;Short Term Fuel Trim Bank 1;ENGINE_RUNTIME;THROTTLE_POS;DTC_NUMBER;TROUBLE_CODES;TIMING_ADVANCE;EQUIV_RATIO
1460512172116;42.62572901;-71.05901784;33.0;;14.6psi;141.8F;NODATA;32.9%;NODATA;837RPM;NODATA;4.06g/s;null;null;NODATA;Gasoline;95.0F;NODATA;0.00mph;NODATA;1.6%;00:00:15;16.1%;MIL is OFF0 codes;;57.6%;1.0%
1460512178126;42.62572901;-71.05901784;33.0;;14.6psi;141.8F;NODATA;32.5%;NODATA;910RPM;NODATA;4.23g/s;null;null;NODATA;Gasoline;95.0F;NODATA;0.00mph;NODATA;2.3%;00:00:22;16.1%;MIL is OFF0 codes;;54.5%;1.0%
1460512186153;42.62576641;-71.0590724;23.0;;14.6psi;143.6F;NODATA;32.2%;NODATA;935RPM;NODATA;4.25g/s;null;null;NODATA;Gasoline;93.2F;NODATA;0.00mph;NODATA;2.3%;00:00:28;16.1%;MIL is OFF0 codes;;57.3%;1.0%
1460512194198;42.62576641;-71.0590724;23.0;;14.6psi;145.4F;NODATA;40.8%;NODATA;862RPM;NODATA;5.10g/s;null;null;NODATA;Gasoline;91.4F;NODATA;1.86mph;NODATA;3.1%;00:00:36;16.9%;MIL is OFF0 codes;;58.0%;1.0%
1460512200243;42.62576641;-71.0590724;23.0;;14.6psi;147.2F;NODATA;42.4%;NODATA;792RPM;NODATA;6.54g/s;null;null;NODATA;Gasoline;86.0F;NODATA;4.97mph;NODATA;3.1%;00:00:44;17.6%;MIL is OFF0 codes;;56.1%;1.0%
1460512208281;42.62554766;-71.05919891;22.0;;14.6psi;149.0F;NODATA;56.5%;NODATA;1629RPM;NODATA;14.00g/s;null;null;NODATA;Gasoline;82.4F;NODATA;6.84mph;NODATA;0.0%;00:00:50;20.8%;MIL is OFF0 codes;;73.3%;1.0%
1460512216308;42.62566201;-71.05957039;22.0;;14.6psi;150.8F;NODATA;58.8%;NODATA;1492RPM;NODATA;13.48g/s;null;null;NODATA;Gasoline;78.8F;NODATA;14.29mph;NODATA;-0.8%;00:00:58;20.4%;MIL is OFF0 codes;;69.0%;1.0%
1460512224341;42.62618794;-71.06032057;19.0;;14.6psi;154.4F;NODATA;80.0%;NODATA;1415RPM;NODATA;18.39g/s;null;null;NODATA;Gasoline;77.0F;NODATA;26.72mph;NODATA;0.0%;00:01:06;23.1%;MIL is OFF0 codes;;63.1%;1.0%
1460512236382;42.62724409;-71.06180373;14.0;;14.6psi;161.6F;NODATA;75.7%;NODATA;1683RPM;NODATA;20.03g/s;null;null;NODATA;Gasoline;77.0F;NODATA;37.90mph;NODATA;0.0%;00:01:16;22.7%;MIL is OFF0 codes;;63.1%;1.0%
1460512242404;42.62799893;-71.06294221;10.0;;14.6psi;163.4F;NODATA;59.2%;NODATA;1418RPM;NODATA;12.57g/s;null;null;NODATA;Gasoline;75.2F;NODATA;41.63mph;NODATA;-0.8%;00:01:26;20.0%;MIL is OFF0 codes;;69.8%;1.0%
1460512250447;42.62892912;-71.0643016;7.0;;14.6psi;165.2F;NODATA;44.3%;NODATA;1284RPM;NODATA;4.28g/s;null;null;NODATA;Gasoline;77.0F;NODATA;41.01mph;NODATA;0.0%;00:01:32;16.1%;MIL is OFF0 codes;;69.8%;1.0%
1460512256498;42.62961994;-71.06534976;7.0;;14.6psi;165.2F;NODATA;63.9%;NODATA;1271RPM;NODATA;12.68g/s;null;null;NODATA;Gasoline;73.4F;NODATA;44.12mph;NODATA;1.6%;00:01:39;20.4%;MIL is OFF0 codes;;67.1%;1.0%
1460512262544;42.63033849;-71.06646437;5.0;;14.6psi;167.0F;NODATA;66.3%;NODATA;1346RPM;NODATA;14.31g/s;null;null;NODATA;Gasoline;71.6F;NODATA;46.60mph;NODATA;0.0%;00:01:46;21.2%;MIL is OFF0 codes;;65.1%;1.0%
1460512268571;42.63106628;-71.0676153;3.0;;14.6psi;168.8F;NODATA;67.5%;NODATA;1400RPM;NODATA;14.98g/s;null;null;NODATA;Gasoline;69.8F;NODATA;47.22mph;NODATA;-0.8%;00:01:51;21.2%;MIL is OFF0 codes;;65.1%;1.0%
1460512274627;42.63180508;-71.06876609;2.0;;14.6psi;170.6F;NODATA;67.1%;NODATA;1418RPM;NODATA;14.98g/s;null;null;NODATA;Gasoline;68.0F;NODATA;46.60mph;NODATA;-0.8%;00:01:57;21.2%;MIL is OFF0 codes;;66.3%;1.0%
1460512280651;42.63254232;-71.06993776;3.0;;14.6psi;172.4F;NODATA;66.7%;NODATA;1413RPM;NODATA;14.96g/s;null;null;NODATA;Gasoline;68.0F;NODATA;46.60mph;NODATA;-0.8%;00:02:03;21.2%;MIL is OFF0 codes;;66.3%;1.0%
1460512286688;42.63323213;-71.07113366;3.0;;14.6psi;172.4F;NODATA;66.3%;NODATA;1409RPM;NODATA;14.81g/s;null;null;NODATA;Gasoline;68.0F;NODATA;null;NODATA;-1.6%;00:02:09;21.2%;MIL is OFF0 codes;;66.3%;1.0%
1460512294731;42.63405014;-71.07278402;9.0;;14.6psi;176.0F;NODATA;65.9%;NODATA;1368RPM;NODATA;14.54g/s;null;null;NODATA;Gasoline;66.2F;NODATA;44.74mph;NODATA;-0.8%;00:02:15;20.8%;MIL is OFF0 codes;;65.9%;1.0%
1460512300770;42.63469189;-71.07400174;13.0;;14.6psi;176.0F;NODATA;66.3%;NODATA;1367RPM;NODATA;14.40g/s;null;null;NODATA;Gasoline;64.4F;NODATA;45.98mph;NODATA;-0.8%;00:02:23;21.2%;MIL is OFF0 codes;;65.9%;1.0%
1460512306816;42.63532269;-71.07523599;17.0;;14.6psi;177.8F;NODATA;65.1%;NODATA;1396RPM;NODATA;14.26g/s;null;null;NODATA;Gasoline;64.4F;NODATA;45.36mph;NODATA;0.8%;00:02:29;20.8%;MIL is OFF0 codes;;66.3%;1.0%
1460512312875;42.6360313;-71.07640551;15.0;;14.6psi;177.8F;NODATA;63.5%;NODATA;1385RPM;NODATA;13.50g/s;null;null;NODATA;Gasoline;64.4F;NODATA;44.74mph;NODATA;2.3%;00:02:35;20.8%;MIL is OFF0 codes;;67.1%;1.0%
1460512320908;42.6370175;-71.07774099;14.0;;14.6psi;177.8F;NODATA;52.9%;NODATA;1321RPM;NODATA;9.50g/s;null;null;NODATA;Gasoline;66.2F;NODATA;41.63mph;NODATA;2.3%;00:02:41;18.8%;MIL is OFF0 codes;;76.1%;1.0%
1460512326949;42.63778025;-71.07861003;13.0;;14.6psi;179.6F;NODATA;65.5%;NODATA;1245RPM;NODATA;12.60g/s;null;null;NODATA;Gasoline;62.6F;NODATA;41.01mph;NODATA;4.7%;00:02:49;20.4%;MIL is OFF0 codes;;65.5%;1.0%
1460512332973;42.63869252;-71.07956664;14.0;;14.6psi;179.6F;NODATA;66.3%;NODATA;1303RPM;NODATA;13.64g/s;null;null;NODATA;Gasoline;60.8F;NODATA;41.01mph;NODATA;7.0%;00:02:54;21.2%;MIL is OFF0 codes;;64.3%;1.0%
1460512341001;42.6392495;-71.0801099;14.0;;14.6psi;181.4F;NODATA;24.3%;NODATA;1271RPM;NODATA;4.40g/s;null;null;NODATA;Gasoline;66.2F;NODATA;13.05mph;NODATA;0.0%;00:03:01;16.1%;MIL is OFF0 codes;;70.2%;0.0%
1460512347022;42.63931601;-71.08051677;15.0;;14.6psi;179.6F;NODATA;60.4%;NODATA;1642RPM;NODATA;15.35g/s;null;null;NODATA;Gasoline;60.8F;NODATA;13.67mph;NODATA;0.8%;00:03:08;21.2%;MIL is OFF0 codes;;67.8%;0.0%
1460512353050;42.63943217;-71.0812647;16.0;;14.6psi;181.4F;NODATA;70.2%;NODATA;1521RPM;NODATA;20.95g/s;null;null;NODATA;Gasoline;59.0F;NODATA;24.23mph;NODATA;0.8%;00:03:14;23.5%;MIL is OFF0 codes;;65.1%;1.0%
1460512359087;42.63951946;-71.08214121;22.0;;14.6psi;183.2F;NODATA;76.9%;NODATA;1496RPM;NODATA;20.59g/s;null;null;NODATA;Gasoline;59.0F;NODATA;29.83mph;NODATA;2.3%;00:03:20;24.7%;MIL is OFF0 codes;;60.4%;1.0%
1460512365128;42.63963354;-71.08299366;26.0;;14.6psi;185.0F;NODATA;60.8%;NODATA;1767RPM;NODATA;15.76g/s;null;null;NODATA;Gasoline;59.0F;NODATA;27.96mph;NODATA;0.8%;00:03:26;21.2%;MIL is OFF0 codes;;69.0%;1.0%
1460512371178;42.63988532;-71.08380493;26.0;;14.5psi;186.8F;NODATA;65.1%;NODATA;1810RPM;NODATA;18.85g/s;null;null;NODATA;Gasoline;57.2F;NODATA;27.96mph;NODATA;0.0%;00:03:32;22.4%;MIL is OFF0 codes;;67.8%;1.0%
1460512379229;42.64035815;-71.08483408;29.0;;14.5psi;188.6F;NODATA;64.3%;NODATA;1818RPM;NODATA;4.64g/s;null;null;NODATA;Gasoline;57.2F;NODATA;26.72mph;NODATA;-2.3%;00:03:38;16.1%;MIL is OFF0 codes;;67.5%;1.0%
1460512385261;42.6403447;-71.08553839;33.0;;14.5psi;190.4F;NODATA;47.5%;NODATA;1440RPM;NODATA;13.87g/s;null;null;NODATA;Gasoline;55.4F;NODATA;22.99mph;NODATA;2.3%;00:03:46;20.8%;MIL is OFF0 codes;;72.2%;1.0%
1460512391296;42.64006038;-71.0863977;36.0;;14.5psi;192.2F;NODATA;73.3%;NODATA;1961RPM;NODATA;23.60g/s;null;null;NODATA;Gasoline;55.4F;NODATA;29.83mph;NODATA;3.1%;00:03:52;24.3%;MIL is OFF0 codes;;64.3%;1.0%
1460512399347;42.63972398;-71.08739242;37.0;;14.6psi;194.0F;NODATA;55.7%;NODATA;1443RPM;NODATA;6.60g/s;null;null;NODATA;Gasoline;59.0F;NODATA;24.23mph;NODATA;-8.6%;00:03:58;15.7%;MIL is OFF0 codes;;71.8%;0.0%
1460512405368;42.63965371;-71.08760531;37.0;;14.5psi;192.2F;NODATA;36.9%;NODATA;889RPM;NODATA;4.67g/s;null;null;NODATA;Gasoline;57.2F;NODATA;null;NODATA;-0.8%;00:04:06;16.1%;MIL is OFF0 codes;;67.1%;1.0%
1460512413423;42.63911651;-71.08806923;36.0;;14.5psi;192.2F;NODATA;62.4%;NODATA;1650RPM;NODATA;17.35g/s;null;null;NODATA;Gasoline;55.4F;NODATA;22.99mph;NODATA;0.0%;00:04:12;22.0%;MIL is OFF0 codes;;70.6%;1.0%
1460512421465;42.63827509;-71.08863194;37.0;;14.5psi;194.0F;NODATA;26.3%;NODATA;1371RPM;NODATA;13.53g/s;null;null;NODATA;Gasoline;55.4F;NODATA;29.83mph;NODATA;1.6%;00:04:20;20.4%;MIL is OFF0 codes;;70.6%;1.0%
1460512427503;42.63762256;-71.08899197;37.0;;14.5psi;194.0F;NODATA;61.6%;NODATA;1303RPM;NODATA;12.65g/s;null;null;NODATA;Gasoline;55.4F;NODATA;37.28mph;NODATA;3.1%;00:04:28;20.4%;MIL is OFF0 codes;;66.7%;1.0%
1460512433543;42.63663664;-71.0894088;35.0;;14.5psi;195.8F;NODATA;63.5%;NODATA;1329RPM;NODATA;12.87g/s;null;null;NODATA;Gasoline;55.4F;NODATA;34.80mph;NODATA;0.8%;00:04:34;20.4%;MIL is OFF0 codes;;64.3%;1.0%
1460512439574;42.63584513;-71.08977867;33.0;;14.5psi;195.8F;NODATA;28.2%;NODATA;1297RPM;NODATA;13.51g/s;null;null;NODATA;Gasoline;55.4F;NODATA;34.80mph;NODATA;2.3%;00:04:39;20.4%;MIL is OFF0 codes;;70.2%;1.0%
1460512447608;42.63477167;-71.09024927;36.0;;14.5psi;194.0F;NODATA;61.2%;NODATA;1289RPM;NODATA;12.03g/s;null;null;NODATA;Gasoline;53.6F;NODATA;34.18mph;NODATA;1.6%;00:04:46;20.4%;MIL is OFF0 codes;;65.5%;1.0%
1460512453622;42.63395809;-71.0905496;33.0;;14.6psi;194.0F;NODATA;34.1%;NODATA;1296RPM;NODATA;4.54g/s;null;null;NODATA;Gasoline;55.4F;NODATA;36.66mph;NODATA;-6.2%;00:04:53;16.1%;MIL is OFF0 codes;;69.4%;1.0%
1460512459669;42.63299774;-71.0907904;29.0;;14.5psi;194.0F;NODATA;45.1%;NODATA;1596RPM;NODATA;12.15g/s;null;null;NODATA;Gasoline;53.6F;NODATA;41.63mph;NODATA;3.1%;00:04:59;19.6%;MIL is OFF0 codes;;83.1%;1.0%
1460512465711;42.63207972;-71.09101557;27.0;;14.5psi;194.0F;NODATA;53.7%;NODATA;1231RPM;NODATA;8.79g/s;null;null;NODATA;Gasoline;55.4F;NODATA;39.15mph;NODATA;0.8%;00:05:05;18.0%;MIL is OFF0 codes;;70.2%;1.0%
1460512471747;42.63111778;-71.09134863;26.0;;14.6psi;194.0F;NODATA;39.2%;NODATA;1208RPM;NODATA;4.10g/s;null;null;NODATA;Gasoline;55.4F;NODATA;37.90mph;NODATA;0.0%;00:05:11;16.1%;MIL is OFF0 codes;;80.8%;1.0%
1460512477774;42.63032592;-71.09172537;21.0;;14.6psi;192.2F;NODATA;26.3%;NODATA;1187RPM;NODATA;4.57g/s;null;null;NODATA;Gasoline;57.2F;NODATA;33.55mph;NODATA;0.0%;00:05:17;16.1%;MIL is OFF0 codes;;69.4%;0.0%
1460512485808;42.62930873;-71.09224549;17.0;;14.6psi;190.4F;NODATA;22.4%;NODATA;1600RPM;NODATA;4.89g/s;null;null;NODATA;Gasoline;55.4F;NODATA;32.31mph;NODATA;0.0%;00:05:23;16.5%;MIL is OFF0 codes;;71.4%;0.0%
1460512491861;42.62856074;-71.0926005;16.0;;14.5psi;190.4F;NODATA;59.2%;NODATA;1199RPM;NODATA;11.45g/s;null;null;NODATA;Gasoline;53.6F;NODATA;31.69mph;NODATA;1.6%;00:05:31;20.0%;MIL is OFF0 codes;;68.2%;1.0%
1460512497875;42.62790514;-71.09293601;13.0;;14.5psi;190.4F;NODATA;60.0%;NODATA;1660RPM;NODATA;15.78g/s;null;null;NODATA;Gasoline;51.8F;NODATA;27.96mph;NODATA;-0.8%;00:05:37;21.2%;MIL is OFF0 codes;;71.0%;1.0%
1460512503910;42.62725244;-71.09317327;18.0;;14.5psi;192.2F;NODATA;61.2%;NODATA;1641RPM;NODATA;15.51g/s;null;null;NODATA;Gasoline;51.8F;NODATA;27.96mph;NODATA;-0.8%;00:05:43;21.2%;MIL is OFF0 codes;;69.0%;1.0%
1460512509921;42.62655984;-71.09334846;20.0;;14.5psi;194.0F;NODATA;51.8%;NODATA;1428RPM;NODATA;13.75g/s;null;null;NODATA;Gasoline;51.8F;NODATA;29.83mph;NODATA;0.8%;00:05:49;20.4%;MIL is OFF0 codes;;73.7%;1.0%
1460512515950;42.62577654;-71.09355404;20.0;;14.6psi;194.0F;NODATA;52.9%;NODATA;1535RPM;NODATA;11.56g/s;null;null;NODATA;Gasoline;51.8F;NODATA;34.18mph;NODATA;-1.6%;00:05:55;19.6%;MIL is OFF0 codes;;74.1%;0.0%
1460512521970;42.62481363;-71.09373054;17.0;;14.6psi;194.0F;NODATA;26.7%;NODATA;1179RPM;NODATA;4.57g/s;null;null;NODATA;Gasoline;55.4F;NODATA;36.04mph;NODATA;0.0%;00:06:01;16.1%;MIL is OFF0 codes;;69.4%;0.0%
1460512529981;42.62373373;-71.09397037;19.0;;14.6psi;192.2F;NODATA;26.3%;NODATA;1233RPM;NODATA;4.76g/s;null;null;NODATA;Gasoline;55.4F;NODATA;32.31mph;NODATA;0.0%;00:06:07;16.1%;MIL is OFF0 codes;;69.8%;0.0%
1460512535989;42.62341368;-71.09403484;17.0;;14.6psi;188.6F;NODATA;27.1%;NODATA;1081RPM;NODATA;4.76g/s;null;null;NODATA;Gasoline;55.4F;NODATA;17.40mph;NODATA;0.0%;00:06:14;16.1%;MIL is OFF0 codes;;69.4%;0.0%
1460512541996;42.62273815;-71.0941927;10.0;;14.6psi;188.6F;NODATA;55.7%;NODATA;1527RPM;NODATA;14.57g/s;null;null;NODATA;Gasoline;51.8F;NODATA;24.85mph;NODATA;2.3%;00:06:20;20.8%;MIL is OFF0 codes;;72.2%;0.0%
1460512548009;42.62202777;-71.09426939;7.0;;14.5psi;190.4F;NODATA;64.7%;NODATA;1382RPM;NODATA;14.20g/s;null;null;NODATA;Gasoline;51.8F;NODATA;31.07mph;NODATA;-1.6%;00:06:26;20.8%;MIL is OFF0 codes;;65.5%;1.0%
1460512556020;42.62091738;-71.09416589;9.0;;14.5psi;192.2F;NODATA;47.5%;NODATA;1194RPM;NODATA;10.73g/s;null;null;NODATA;Gasoline;51.8F;NODATA;35.42mph;NODATA;-1.6%;00:06:32;19.2%;MIL is OFF0 codes;;80.4%;0.0%
1460512562048;42.62011615;-71.09393074;9.0;;14.6psi;192.2F;NODATA;52.2%;NODATA;1514RPM;NODATA;9.65g/s;null;null;NODATA;Gasoline;51.8F;NODATA;null;NODATA;-7.0%;00:06:40;18.8%;MIL is OFF0 codes;;70.6%;1.0%
1460512570065;42.61908815;-71.09363413;14.0;;14.5psi;192.2F;NODATA;47.5%;NODATA;1285RPM;NODATA;9.56g/s;null;null;NODATA;Gasoline;51.8F;NODATA;33.55mph;NODATA;3.1%;00:06:46;18.8%;MIL is OFF0 codes;;79.6%;0.0%
1460512576098;42.61823261;-71.09337758;9.0;;14.6psi;194.0F;NODATA;42.4%;NODATA;1296RPM;NODATA;4.62g/s;null;null;NODATA;Gasoline;51.8F;NODATA;null;NODATA;0.0%;00:06:54;16.1%;MIL is OFF0 codes;;78.0%;1.0%
1460512582127;42.61740383;-71.09311235;7.0;;14.6psi;192.2F;NODATA;30.6%;NODATA;1336RPM;NODATA;6.14g/s;null;null;NODATA;Gasoline;51.8F;NODATA;33.55mph;NODATA;1.6%;00:07:00;17.3%;MIL is OFF0 codes;;72.2%;0.0%
1460512590169;42.61637782;-71.09279271;1.0;;14.5psi;192.2F;NODATA;61.6%;NODATA;1240RPM;NODATA;12.29g/s;null;null;NODATA;Gasoline;51.8F;NODATA;32.93mph;NODATA;1.6%;00:07:06;20.0%;MIL is OFF0 codes;;67.8%;1.0%
1460512596194;42.61559905;-71.09261334;1.0;;14.6psi;192.2F;NODATA;27.8%;NODATA;1114RPM;NODATA;6.50g/s;null;null;NODATA;Gasoline;51.8F;NODATA;31.69mph;NODATA;-3.9%;00:07:14;16.5%;MIL is OFF0 codes;;69.4%;0.0%
1460512602210;42.61481758;-71.09243215;-2.0;;14.5psi;194.0F;NODATA;64.3%;NODATA;1189RPM;NODATA;11.20g/s;null;null;NODATA;Gasoline;51.8F;NODATA;34.80mph;NODATA;1.6%;00:07:20;19.6%;MIL is OFF0 codes;;65.1%;1.0%
1460512608215;42.61408761;-71.09226404;-1.0;;14.6psi;194.0F;NODATA;30.2%;NODATA;1157RPM;NODATA;4.98g/s;null;null;NODATA;Gasoline;51.8F;NODATA;29.83mph;NODATA;0.0%;00:07:26;16.5%;MIL is OFF0 codes;;70.2%;0.0%
1460512616262;42.61323292;-71.09161764;9.0;;14.6psi;192.2F;NODATA;37.6%;NODATA;1126RPM;NODATA;7.06g/s;null;null;NODATA;Gasoline;51.8F;NODATA;29.20mph;NODATA;3.9%;00:07:32;17.6%;MIL is OFF0 codes;;77.3%;0.0%
1460512624297;42.61290203;-71.09180902;3.0;;14.6psi;190.4F;NODATA;28.2%;NODATA;985RPM;NODATA;5.85g/s;null;null;NODATA;Gasoline;50.0F;NODATA;14.91mph;NODATA;-2.3%;00:07:39;16.5%;MIL is OFF0 codes;;69.0%;0.0%
1460512630323;42.61283964;-71.09254419;1.0;;14.6psi;192.2F;NODATA;66.7%;NODATA;1632RPM;NODATA;17.81g/s;null;null;NODATA;Gasoline;50.0F;NODATA;24.85mph;NODATA;0.8%;00:07:47;22.4%;MIL is OFF0 codes;;67.1%;1.0%
1460512636346;42.61270008;-71.09350288;-2.0;;14.6psi;194.0F;NODATA;59.2%;NODATA;1431RPM;NODATA;13.10g/s;null;null;NODATA;Gasoline;50.0F;NODATA;29.83mph;NODATA;-2.3%;00:07:53;20.4%;MIL is OFF0 codes;;68.2%;1.0%
1460512644389;42.61192959;-71.09444112;-9.0;;14.6psi;195.8F;NODATA;67.8%;NODATA;1089RPM;NODATA;11.70g/s;null;null;NODATA;Gasoline;51.8F;NODATA;33.55mph;NODATA;-1.6%;00:07:59;20.0%;MIL is OFF0 codes;;64.7%;0.0%
1460512650411;42.61170727;-71.09523593;-11.0;;14.6psi;194.0F;NODATA;25.1%;NODATA;1286RPM;NODATA;4.75g/s;null;null;NODATA;Gasoline;51.8F;NODATA;25.48mph;NODATA;0.0%;00:08:07;16.1%;MIL is OFF0 codes;;70.2%;0.0%
1460512658418;42.61182911;-71.09648112;-6.0;;14.6psi;192.2F;NODATA;44.3%;NODATA;1579RPM;NODATA;11.84g/s;null;null;NODATA;Gasoline;50.0F;NODATA;29.83mph;NODATA;2.3%;00:08:14;19.6%;MIL is OFF0 codes;;84.7%;0.0%
1460512664427;42.61183524;-71.09744457;-6.0;;14.6psi;194.0F;NODATA;49.8%;NODATA;1166RPM;NODATA;4.70g/s;null;null;NODATA;Gasoline;51.8F;NODATA;27.96mph;NODATA;0.0%;00:08:21;16.1%;MIL is OFF0 codes;;65.5%;1.0%
1460512670436;42.61165863;-71.09830306;-7.0;;14.6psi;194.0F;NODATA;46.7%;NODATA;1344RPM;NODATA;9.25g/s;null;null;NODATA;Gasoline;51.8F;NODATA;26.72mph;NODATA;3.9%;00:08:27;18.4%;MIL is OFF0 codes;;79.2%;0.0%
1460512676452;42.61164456;-71.09923591;-4.0;;14.6psi;194.0F;NODATA;29.4%;NODATA;1092RPM;NODATA;4.57g/s;null;null;NODATA;Gasoline;51.8F;NODATA;29.20mph;NODATA;-3.1%;00:08:33;16.1%;MIL is OFF0 codes;;69.4%;1.0%
1460512684487;42.61152325;-71.10036501;-9.0;;14.6psi;194.0F;NODATA;52.2%;NODATA;1466RPM;NODATA;11.54g/s;null;null;NODATA;Gasoline;50.0F;NODATA;24.23mph;NODATA;-0.8%;00:08:39;19.6%;MIL is OFF0 codes;;74.1%;1.0%
1460512690509;42.6115373;-71.10108841;-5.0;;14.6psi;194.0F;NODATA;54.5%;NODATA;1531RPM;NODATA;4.68g/s;null;null;NODATA;Gasoline;50.0F;NODATA;23.61mph;NODATA;-10.2%;00:08:47;16.1%;MIL is OFF0 codes;;73.3%;1.0%
1460512696524;42.61169066;-71.10196903;1.0;;14.6psi;194.0F;NODATA;50.2%;NODATA;1442RPM;NODATA;4.48g/s;null;null;NODATA;Gasoline;50.0F;NODATA;29.83mph;NODATA;0.0%;00:08:53;16.1%;MIL is OFF0 codes;;80.0%;1.0%
1460512704530;42.61173511;-71.10316673;-4.0;;14.6psi;194.0F;NODATA;27.8%;NODATA;1515RPM;NODATA;6.82g/s;null;null;NODATA;Gasoline;50.0F;NODATA;29.83mph;NODATA;3.9%;00:08:59;18.0%;MIL is OFF0 codes;;81.2%;0.0%
1460512710542;42.61141577;-71.10399695;-9.0;;14.6psi;194.0F;NODATA;52.9%;NODATA;1521RPM;NODATA;12.03g/s;null;null;NODATA;Gasoline;50.0F;NODATA;31.07mph;NODATA;3.1%;00:09:06;20.0%;MIL is OFF0 codes;;74.9%;1.0%
1460512716570;42.61126623;-71.10500308;-13.0;;14.6psi;194.0F;NODATA;38.8%;NODATA;1138RPM;NODATA;4.73g/s;null;null;NODATA;Gasoline;50.0F;NODATA;30.45mph;NODATA;0.0%;00:09:12;16.1%;MIL is OFF0 codes;;70.2%;1.0%
1460512722600;42.61093372;-71.10598164;-16.0;;14.6psi;195.8F;NODATA;64.3%;NODATA;1150RPM;NODATA;11.60g/s;null;null;NODATA;Gasoline;50.0F;NODATA;32.31mph;NODATA;0.8%;00:09:18;20.0%;MIL is OFF0 codes;;64.3%;1.0%
1460512730607;42.61068862;-71.10736084;-19.0;;14.6psi;195.8F;NODATA;54.9%;NODATA;1225RPM;NODATA;9.45g/s;null;null;NODATA;Gasoline;50.0F;NODATA;32.31mph;NODATA;0.0%;00:09:24;18.4%;MIL is OFF0 codes;;68.2%;1.0%
1460512736615;42.61069056;-71.10841287;-16.0;;14.6psi;195.8F;NODATA;59.2%;NODATA;1216RPM;NODATA;10.85g/s;null;null;NODATA;Gasoline;50.0F;NODATA;29.83mph;NODATA;0.8%;00:09:32;19.2%;MIL is OFF0 codes;;67.5%;1.0%
1460512742621;42.61082854;-71.10927699;-20.0;;14.6psi;195.8F;NODATA;52.9%;NODATA;1513RPM;NODATA;12.26g/s;null;null;NODATA;Gasoline;48.2F;NODATA;32.31mph;NODATA;0.8%;00:09:38;20.0%;MIL is OFF0 codes;;73.3%;1.0%
1460512748666;42.61103622;-71.11060699;-12.0;;14.6psi;195.8F;NODATA;59.6%;NODATA;1299RPM;NODATA;11.92g/s;null;null;NODATA;Gasoline;48.2F;NODATA;34.80mph;NODATA;1.6%;00:09:44;20.0%;MIL is OFF0 codes;;68.6%;1.0%
1460512754706;42.6113325;-71.11166081;-14.0;;14.6psi;195.8F;NODATA;54.9%;NODATA;1299RPM;NODATA;9.68g/s;null;null;NODATA;Gasoline;48.2F;NODATA;32.93mph;NODATA;-2.3%;00:09:50;18.8%;MIL is OFF0 codes;;67.8%;1.0%
1460512760729;42.61124575;-71.1127309;-15.0;;14.6psi;195.8F;NODATA;52.9%;NODATA;1550RPM;NODATA;12.48g/s;null;null;NODATA;Gasoline;48.2F;NODATA;32.93mph;NODATA;0.8%;00:09:56;20.0%;MIL is OFF0 codes;;72.5%;1.0%
1460512768744;42.61059722;-71.11392368;-12.0;;14.6psi;195.8F;NODATA;60.8%;NODATA;1309RPM;NODATA;12.17g/s;null;null;NODATA;Gasoline;48.2F;NODATA;35.42mph;NODATA;3.9%;00:10:02;20.4%;MIL is OFF0 codes;;67.5%;1.0%
1460512774771;42.61011913;-71.11486211;-10.0;;14.6psi;197.6F;NODATA;58.8%;NODATA;1300RPM;NODATA;11.98g/s;null;null;NODATA;Gasoline;48.2F;NODATA;null;NODATA;4.7%;00:10:09;20.0%;MIL is OFF0 codes;;65.5%;1.0%
1460512782783;42.60958105;-71.11627635;-15.0;;14.6psi;195.8F;NODATA;25.5%;NODATA;1346RPM;NODATA;4.51g/s;null;null;NODATA;Gasoline;50.0F;NODATA;34.18mph;NODATA;-5.5%;00:10:16;16.1%;MIL is OFF0 codes;;71.0%;1.0%
1460512788826;42.60957889;-71.11734059;-11.0;;14.6psi;195.8F;NODATA;27.1%;NODATA;1153RPM;NODATA;4.79g/s;null;null;NODATA;Gasoline;50.0F;NODATA;31.07mph;NODATA;-2.3%;00:10:23;16.1%;MIL is OFF0 codes;;69.4%;1.0%
1460512794856;42.60965034;-71.11810962;-9.0;;14.6psi;195.8F;NODATA;29.8%;NODATA;1025RPM;NODATA;4.67g/s;null;null;NODATA;Gasoline;50.0F;NODATA;17.40mph;NODATA;-2.3%;00:10:30;16.1%;MIL is OFF0 codes;;69.0%;1.0%
1460512800896;42.60971038;-71.11824207;-7.0;;14.6psi;195.8F;NODATA;34.9%;NODATA;803RPM;NODATA;4.45g/s;null;null;NODATA;Gasoline;50.0F;NODATA;1.86mph;NODATA;-3.9%;00:10:35;16.1%;MIL is OFF0 codes;;68.2%;1.0%
1460512806907;42.60971038;-71.11824207;-7.0;;14.6psi;195.8F;NODATA;36.9%;NODATA;793RPM;NODATA;4.42g/s;null;null;NODATA;Gasoline;50.0F;NODATA;8.08mph;NODATA;-1.6%;00:10:41;16.1%;MIL is OFF0 codes;;54.9%;1.0%
1460512812914;42.60950386;-71.11865736;-9.0;;14.6psi;195.8F;NODATA;56.1%;NODATA;1596RPM;NODATA;14.31g/s;null;null;NODATA;Gasoline;50.0F;NODATA;19.88mph;NODATA;0.0%;00:10:47;20.4%;MIL is OFF0 codes;;71.8%;1.0%
1460512818923;42.6089717;-71.11905782;-13.0;;14.6psi;195.8F;NODATA;61.6%;NODATA;1614RPM;NODATA;14.48g/s;null;null;NODATA;Gasoline;50.0F;NODATA;28.58mph;NODATA;-0.8%;00:10:53;20.8%;MIL is OFF0 codes;;68.2%;1.0%
1460512824960;42.60833118;-71.11954421;-13.0;;14.6psi;195.8F;NODATA;60.8%;NODATA;1594RPM;NODATA;15.65g/s;null;null;NODATA;Gasoline;48.2F;NODATA;34.18mph;NODATA;-0.8%;00:10:59;21.2%;MIL is OFF0 codes;;67.8%;1.0%
1460512832973;42.60704312;-71.12061593;-9.0;;14.6psi;197.6F;NODATA;67.1%;NODATA;1360RPM;NODATA;15.14g/s;null;null;NODATA;Gasoline;48.2F;NODATA;39.77mph;NODATA;0.0%;00:11:05;21.6%;MIL is OFF0 codes;;61.2%;1.0%
1460512838983;42.60621438;-71.12146969;-8.0;;14.6psi;199.4F;NODATA;67.5%;NODATA;1318RPM;NODATA;14.65g/s;null;null;NODATA;Gasoline;48.2F;NODATA;44.74mph;NODATA;2.3%;00:11:13;21.6%;MIL is OFF0 codes;;61.6%;1.0%
1460512845000;42.60539403;-71.12246732;-5.0;;14.6psi;199.4F;NODATA;67.5%;NODATA;1380RPM;NODATA;15.31g/s;null;null;NODATA;Gasoline;46.4F;NODATA;46.60mph;NODATA;0.0%;00:11:19;21.6%;MIL is OFF0 codes;;61.2%;1.0%
1460512851014;42.60455632;-71.12365082;-1.0;;14.6psi;199.4F;NODATA;67.5%;NODATA;1457RPM;NODATA;16.84g/s;null;null;NODATA;Gasoline;46.4F;NODATA;50.33mph;NODATA;-0.8%;00:11:25;22.0%;MIL is OFF0 codes;;62.7%;1.0%
1460512857024;42.60380092;-71.12493698;2.0;;14.6psi;199.4F;NODATA;68.2%;NODATA;1503RPM;NODATA;17.35g/s;null;null;NODATA;Gasoline;46.4F;NODATA;49.71mph;NODATA;0.8%;00:11:31;22.4%;MIL is OFF0 codes;;63.5%;1.0%
1460512865032;42.60282569;-71.12675558;4.0;;14.6psi;199.4F;NODATA;69.0%;NODATA;1535RPM;NODATA;18.42g/s;null;null;NODATA;Gasoline;46.4F;NODATA;52.20mph;NODATA;1.6%;00:11:37;22.7%;MIL is OFF0 codes;;62.0%;1.0%
1460512871057;42.60210102;-71.12813284;1.0;;14.6psi;199.4F;NODATA;67.8%;NODATA;1567RPM;NODATA;18.71g/s;null;null;NODATA;Gasoline;46.4F;NODATA;51.57mph;NODATA;0.8%;00:11:44;22.7%;MIL is OFF0 codes;;61.6%;1.0%
1460512877080;42.60135147;-71.12953934;2.0;;14.6psi;199.4F;NODATA;68.6%;NODATA;1583RPM;NODATA;19.01g/s;null;null;NODATA;Gasoline;48.2F;NODATA;52.82mph;NODATA;0.0%;00:11:50;22.7%;MIL is OFF0 codes;;61.6%;1.0%
1460512883088;42.60058984;-71.13094986;1.0;;14.6psi;199.4F;NODATA;68.6%;NODATA;1606RPM;NODATA;18.95g/s;null;null;NODATA;Gasoline;46.4F;NODATA;54.06mph;NODATA;0.0%;00:11:56;22.7%;MIL is OFF0 codes;;62.4%;1.0%
1460512889106;42.59999371;-71.13207947;2.0;;14.6psi;199.4F;NODATA;68.2%;NODATA;1642RPM;NODATA;18.23g/s;null;null;NODATA;Gasoline;46.4F;NODATA;null;NODATA;-0.8%;00:12:02;22.4%;MIL is OFF0 codes;;63.1%;1.0%
1460512895147;42.59902844;-71.13390947;3.0;;14.6psi;199.4F;NODATA;67.5%;NODATA;1672RPM;NODATA;19.46g/s;null;null;NODATA;Gasoline;46.4F;NODATA;54.68mph;NODATA;-0.8%;00:12:09;22.7%;MIL is OFF0 codes;;63.1%;1.0%
1460512901164;42.59822164;-71.13542735;3.0;;14.6psi;199.4F;NODATA;69.0%;NODATA;1717RPM;NODATA;19.82g/s;null;null;NODATA;Gasoline;46.4F;NODATA;57.79mph;NODATA;-0.8%;00:12:15;22.7%;MIL is OFF0 codes;;63.5%;1.0%
1460512907207;42.59740359;-71.13693034;4.0;;14.6psi;199.4F;NODATA;69.0%;NODATA;1735RPM;NODATA;20.68g/s;null;null;NODATA;Gasoline;46.4F;NODATA;56.54mph;NODATA;-0.8%;00:12:20;23.1%;MIL is OFF0 codes;;63.9%;1.0%
1460512913238;42.59661527;-71.13840375;2.0;;14.6psi;199.4F;NODATA;69.4%;NODATA;1685RPM;NODATA;20.15g/s;null;null;NODATA;Gasoline;46.4F;NODATA;55.30mph;NODATA;-0.8%;00:12:26;23.1%;MIL is OFF0 codes;;63.1%;1.0%
1460512919275;42.59583534;-71.13984054;2.0;;14.6psi;199.4F;NODATA;76.9%;NODATA;1637RPM;NODATA;23.31g/s;null;null;NODATA;Gasoline;46.4F;NODATA;54.06mph;NODATA;0.8%;00:12:32;24.7%;MIL is OFF0 codes;;60.0%;1.0%
1460512927320;42.59478966;-71.1417819;6.0;;14.5psi;201.2F;NODATA;78.4%;NODATA;1644RPM;NODATA;22.92g/s;null;null;NODATA;Gasoline;46.4F;NODATA;54.06mph;NODATA;0.8%;00:12:38;25.1%;MIL is OFF0 codes;;58.8%;1.0%
1460512933354;42.59400646;-71.14326986;6.0;;14.6psi;201.2F;NODATA;89.0%;NODATA;1675RPM;NODATA;27.20g/s;null;null;NODATA;Gasoline;46.4F;NODATA;57.79mph;NODATA;0.0%;00:12:46;27.8%;MIL is OFF0 codes;;56.1%;1.0%
1460512939378;42.59325438;-71.14476271;9.0;;14.6psi;199.4F;NODATA;23.5%;NODATA;1717RPM;NODATA;5.46g/s;null;null;NODATA;Gasoline;48.2F;NODATA;54.06mph;NODATA;0.0%;00:12:51;16.5%;MIL is OFF0 codes;;65.1%;1.0%
1460512945399;42.59253681;-71.1461765;10.0;;14.6psi;197.6F;NODATA;73.3%;NODATA;1602RPM;NODATA;20.34g/s;null;null;NODATA;Gasoline;48.2F;NODATA;49.71mph;NODATA;-0.8%;00:12:57;23.9%;MIL is OFF0 codes;;65.1%;0.0%
1460512951405;42.59216952;-71.14689052;8.0;;14.6psi;195.8F;NODATA;25.1%;NODATA;1179RPM;NODATA;4.50g/s;null;null;NODATA;Gasoline;50.0F;NODATA;22.99mph;NODATA;0.0%;00:13:03;16.1%;MIL is OFF0 codes;;69.4%;0.0%
1460512959413;42.5918075;-71.14757895;11.0;;14.6psi;195.8F;NODATA;32.9%;NODATA;994RPM;NODATA;4.21g/s;null;null;NODATA;Gasoline;48.2F;NODATA;19.26mph;NODATA;2.3%;00:13:10;21.2%;MIL is OFF0 codes;;68.6%;0.0%
1460512965444;42.59139501;-71.14836499;10.0;;14.6psi;195.8F;NODATA;74.5%;NODATA;1875RPM;NODATA;24.62g/s;null;null;NODATA;Gasoline;48.2F;NODATA;32.31mph;NODATA;0.8%;00:13:17;23.9%;MIL is OFF0 codes;;63.1%;1.0%
1460512973476;42.59060814;-71.14980122;12.0;;14.6psi;199.4F;NODATA;80.0%;NODATA;1827RPM;NODATA;23.82g/s;null;null;NODATA;Gasoline;48.2F;NODATA;42.25mph;NODATA;0.8%;00:13:23;25.9%;MIL is OFF0 codes;;60.4%;1.0%
1460512981526;42.58967154;-71.15147648;8.0;;14.6psi;199.4F;NODATA;87.1%;NODATA;1463RPM;NODATA;23.29g/s;null;null;NODATA;Gasoline;48.2F;NODATA;49.71mph;NODATA;1.6%;00:13:32;26.7%;MIL is OFF0 codes;;56.1%;1.0%
1460512987536;42.58896697;-71.15280891;8.0;;14.6psi;199.4F;NODATA;43.9%;NODATA;1512RPM;NODATA;9.98g/s;null;null;NODATA;Gasoline;50.0F;NODATA;49.71mph;NODATA;-2.3%;00:13:39;18.8%;MIL is OFF0 codes;;82.4%;1.0%
1460512993567;42.58841979;-71.15387321;9.0;;14.6psi;199.4F;NODATA;28.2%;NODATA;1466RPM;NODATA;4.65g/s;null;null;NODATA;Gasoline;50.0F;NODATA;44.12mph;NODATA;0.0%;00:13:45;16.1%;MIL is OFF0 codes;;48.2%;1.0%
1460512999571;42.58781022;-71.15500162;8.0;;14.6psi;195.8F;NODATA;23.1%;NODATA;1362RPM;NODATA;4.34g/s;null;null;NODATA;Gasoline;50.0F;NODATA;27.96mph;NODATA;0.0%;00:13:51;16.1%;MIL is OFF0 codes;;70.6%;0.0%
1460513005591;42.58765495;-71.15524208;6.0;;14.6psi;195.8F;NODATA;29.8%;NODATA;926RPM;NODATA;4.42g/s;null;null;NODATA;Gasoline;51.8F;NODATA;4.97mph;NODATA;-1.6%;00:13:57;16.1%;MIL is OFF0 codes;;67.5%;0.0%
1460513011598;42.58762328;-71.1552889;4.0;;14.6psi;195.8F;NODATA;34.5%;NODATA;799RPM;NODATA;4.23g/s;null;null;NODATA;Gasoline;51.8F;NODATA;0.00mph;NODATA;0.8%;00:14:03;15.7%;MIL is OFF0 codes;;60.4%;0.0%
1460513019613;42.58762328;-71.1552889;4.0;;14.6psi;195.8F;NODATA;33.7%;NODATA;794RPM;NODATA;3.98g/s;null;null;NODATA;Gasoline;51.8F;NODATA;0.00mph;NODATA;0.8%;00:14:09;15.7%;MIL is OFF0 codes;;55.7%;1.0%
1460513025638;42.58762328;-71.1552889;4.0;;14.6psi;195.8F;NODATA;32.9%;NODATA;782RPM;NODATA;3.79g/s;null;null;NODATA;Gasoline;51.8F;NODATA;0.00mph;NODATA;1.6%;00:14:17;15.7%;MIL is OFF0 codes;;55.3%;1.0%
1460513031668;42.58762328;-71.1552889;4.0;;14.6psi;195.8F;NODATA;32.5%;NODATA;780RPM;NODATA;3.73g/s;null;null;NODATA;Gasoline;51.8F;NODATA;0.00mph;NODATA;1.6%;00:14:22;15.7%;MIL is OFF0 codes;;54.9%;1.0%
1460513037687;42.58762328;-71.1552889;4.0;;14.6psi;195.8F;NODATA;32.5%;NODATA;777RPM;NODATA;3.70g/s;null;null;NODATA;Gasoline;53.6F;NODATA;0.00mph;NODATA;1.6%;00:14:28;15.7%;MIL is OFF0 codes;;54.5%;1.0%
1460513043717;42.58762328;-71.1552889;4.0;;14.6psi;195.8F;NODATA;32.5%;NODATA;772RPM;NODATA;3.71g/s;null;null;NODATA;Gasoline;53.6F;NODATA;0.00mph;NODATA;-1.6%;00:14:34;15.7%;MIL is OFF0 codes;;55.3%;1.0%
1460513049728;42.58762328;-71.1552889;4.0;;14.6psi;197.6F;NODATA;32.9%;NODATA;767RPM;NODATA;3.76g/s;null;null;NODATA;Gasoline;53.6F;NODATA;0.00mph;NODATA;-1.6%;00:14:40;15.7%;MIL is OFF0 codes;;54.9%;1.0%
1460513055739;42.58762328;-71.1552889;4.0;;14.6psi;197.6F;NODATA;32.9%;NODATA;774RPM;NODATA;3.73g/s;null;null;NODATA;Gasoline;55.4F;NODATA;0.00mph;NODATA;-1.6%;00:14:46;15.7%;MIL is OFF0 codes;;55.3%;1.0%
1460513061744;42.5875008;-71.1554689;7.0;;14.6psi;195.8F;NODATA;32.9%;NODATA;821RPM;NODATA;11.53g/s;null;null;NODATA;Gasoline;51.8F;NODATA;14.29mph;NODATA;0.8%;00:14:52;19.6%;MIL is OFF0 codes;;54.5%;1.0%
1460513067748;42.58710339;-71.15596013;8.0;;14.6psi;197.6F;NODATA;71.0%;NODATA;1889RPM;NODATA;21.68g/s;null;null;NODATA;Gasoline;51.8F;NODATA;27.34mph;NODATA;0.8%;00:14:58;23.5%;MIL is OFF0 codes;;64.7%;1.0%
1460513073788;42.58646439;-71.15648569;3.0;;14.6psi;199.4F;NODATA;77.6%;NODATA;1510RPM;NODATA;19.92g/s;null;null;NODATA;Gasoline;51.8F;NODATA;null;NODATA;1.6%;00:15:04;23.5%;MIL is OFF0 codes;;58.8%;1.0%
1460513081808;42.5853137;-71.15707657;4.0;;14.6psi;199.4F;NODATA;75.3%;NODATA;1410RPM;NODATA;18.29g/s;null;null;NODATA;Gasoline;51.8F;NODATA;39.15mph;NODATA;0.8%;00:15:10;22.7%;MIL is OFF0 codes;;62.0%;1.0%
1460513089834;42.58413305;-71.15766822;7.0;;14.6psi;201.2F;NODATA;65.9%;NODATA;1225RPM;NODATA;13.01g/s;null;null;NODATA;Gasoline;51.8F;NODATA;39.15mph;NODATA;0.0%;00:15:18;20.8%;MIL is OFF0 codes;;63.5%;1.0%
1460513097868;42.58294447;-71.15824995;7.0;;14.6psi;199.4F;NODATA;55.3%;NODATA;1209RPM;NODATA;3.35g/s;null;null;NODATA;Gasoline;53.6F;NODATA;38.53mph;NODATA;0.0%;00:15:26;15.3%;MIL is OFF0 codes;;66.3%;1.0%
1460513105888;42.58175323;-71.15831127;5.0;;14.6psi;195.8F;NODATA;23.5%;NODATA;1293RPM;NODATA;4.12g/s;null;null;NODATA;Gasoline;55.4F;NODATA;37.90mph;NODATA;0.0%;00:15:34;15.7%;MIL is OFF0 codes;;69.4%;0.0%
1460513111914;42.58090405;-71.1578694;3.0;;14.6psi;195.8F;NODATA;39.2%;NODATA;1471RPM;NODATA;4.78g/s;null;null;NODATA;Gasoline;55.4F;NODATA;37.28mph;NODATA;0.0%;00:15:42;16.1%;MIL is OFF0 codes;;85.5%;0.0%
1460513117957;42.58017212;-71.15725023;5.0;;14.6psi;194.0F;NODATA;51.0%;NODATA;1308RPM;NODATA;4.07g/s;null;null;NODATA;Gasoline;55.4F;NODATA;32.93mph;NODATA;0.0%;00:15:48;15.7%;MIL is OFF0 codes;;72.5%;0.0%
1460513123989;42.57941456;-71.1566632;4.0;;14.6psi;194.0F;NODATA;29.8%;NODATA;1227RPM;NODATA;6.34g/s;null;null;NODATA;Gasoline;55.4F;NODATA;29.83mph;NODATA;-0.8%;00:15:53;17.3%;MIL is OFF0 codes;;68.2%;0.0%
1460513132019;42.57886942;-71.15620072;3.0;;14.6psi;194.0F;NODATA;26.7%;NODATA;1100RPM;NODATA;4.09g/s;null;null;NODATA;Gasoline;55.4F;NODATA;27.96mph;NODATA;-3.9%;00:16:00;15.7%;MIL is OFF0 codes;;69.0%;1.0%
1460513138045;42.57817403;-71.15625396;5.0;;14.6psi;194.0F;NODATA;27.8%;NODATA;1024RPM;NODATA;4.07g/s;null;null;NODATA;Gasoline;53.6F;NODATA;25.48mph;NODATA;3.1%;00:16:07;16.1%;MIL is OFF0 codes;;68.2%;1.0%
1460513146077;42.57742657;-71.15710591;1.0;;14.6psi;195.8F;NODATA;56.5%;NODATA;1667RPM;NODATA;15.18g/s;null;null;NODATA;Gasoline;51.8F;NODATA;25.48mph;NODATA;-1.6%;00:16:13;21.2%;MIL is OFF0 codes;;72.2%;1.0%
1460513152096;42.57691332;-71.15777963;-1.0;;14.6psi;195.8F;NODATA;31.4%;NODATA;1403RPM;NODATA;9.73g/s;null;null;NODATA;Gasoline;53.6F;NODATA;29.83mph;NODATA;0.0%;00:16:21;19.2%;MIL is OFF0 codes;;70.6%;1.0%
1460513158141;42.57639495;-71.1584383;1.0;;14.6psi;195.8F;NODATA;28.6%;NODATA;1003RPM;NODATA;4.23g/s;null;null;NODATA;Gasoline;55.4F;NODATA;29.20mph;NODATA;0.0%;00:16:27;15.7%;MIL is OFF0 codes;;68.6%;0.0%
1460513166158;42.57634465;-71.15975886;1.0;;14.6psi;195.8F;NODATA;51.4%;NODATA;1460RPM;NODATA;10.68g/s;null;null;NODATA;Gasoline;55.4F;NODATA;31.07mph;NODATA;1.6%;00:16:33;19.2%;MIL is OFF0 codes;;72.9%;0.0%
1460513172191;42.57636687;-71.16080428;-1.0;;14.6psi;195.8F;NODATA;39.2%;NODATA;1275RPM;NODATA;7.87g/s;null;null;NODATA;Gasoline;55.4F;NODATA;32.93mph;NODATA;4.7%;00:16:41;18.4%;MIL is OFF0 codes;;81.2%;0.0%
1460513178228;42.57637846;-71.16185747;-1.0;;14.6psi;195.8F;NODATA;29.8%;NODATA;1275RPM;NODATA;8.09g/s;null;null;NODATA;Gasoline;55.4F;NODATA;32.31mph;NODATA;3.1%;00:16:47;18.4%;MIL is OFF0 codes;;68.6%;0.0%
1460513184276;42.57640098;-71.16295562;-4.0;;14.6psi;195.8F;NODATA;56.5%;NODATA;1219RPM;NODATA;10.00g/s;null;null;NODATA;Gasoline;55.4F;NODATA;34.80mph;NODATA;0.0%;00:16:52;18.8%;MIL is OFF0 codes;;69.8%;1.0%
1460513192310;42.57643196;-71.16450901;-4.0;;14.6psi;195.8F;NODATA;54.1%;NODATA;1284RPM;NODATA;10.29g/s;null;null;NODATA;Gasoline;53.6F;NODATA;36.04mph;NODATA;0.0%;00:16:59;18.8%;MIL is OFF0 codes;;73.7%;1.0%
1460513198348;42.5763882;-71.16563332;-1.0;;14.6psi;195.8F;NODATA;32.9%;NODATA;1364RPM;NODATA;7.23g/s;null;null;NODATA;Gasoline;55.4F;NODATA;null;NODATA;-3.1%;00:17:06;17.6%;MIL is OFF0 codes;;76.9%;0.0%
1460513204362;42.57617235;-71.16635371;-3.0;;14.6psi;195.8F;NODATA;26.3%;NODATA;1093RPM;NODATA;4.79g/s;null;null;NODATA;Gasoline;55.4F;NODATA;33.55mph;NODATA;-0.8%;00:17:12;16.5%;MIL is OFF0 codes;;68.6%;1.0%
1460513212411;42.57547893;-71.16768153;-8.0;;14.6psi;195.8F;NODATA;65.5%;NODATA;1149RPM;NODATA;11.35g/s;null;null;NODATA;Gasoline;53.6F;NODATA;32.93mph;NODATA;2.3%;00:17:19;19.6%;MIL is OFF0 codes;;65.5%;1.0%
1460513218435;42.57495873;-71.16854686;-16.0;;14.6psi;195.8F;NODATA;55.3%;NODATA;1223RPM;NODATA;3.62g/s;null;null;NODATA;Gasoline;55.4F;NODATA;null;NODATA;0.0%;00:17:27;15.7%;MIL is OFF0 codes;;69.4%;1.0%
1460513224467;42.57491333;-71.16946856;-16.0;;14.6psi;195.8F;NODATA;41.2%;NODATA;1602RPM;NODATA;10.25g/s;null;null;NODATA;Gasoline;55.4F;NODATA;30.45mph;NODATA;-0.8%;00:17:33;19.2%;MIL is OFF0 codes;;84.3%;0.0%
1460513232507;42.57544314;-71.17043541;-16.0;;14.6psi;195.8F;NODATA;58.4%;NODATA;1373RPM;NODATA;11.96g/s;null;null;NODATA;Gasoline;53.6F;NODATA;28.58mph;NODATA;1.6%;00:17:39;19.6%;MIL is OFF0 codes;;69.8%;1.0%
1460513238544;42.57592767;-71.17123254;-15.0;;14.6psi;195.8F;NODATA;43.1%;NODATA;1508RPM;NODATA;7.32g/s;null;null;NODATA;Gasoline;53.6F;NODATA;32.31mph;NODATA;-1.6%;00:17:46;16.1%;MIL is OFF0 codes;;70.2%;1.0%
1460513244585;42.57614004;-71.17226935;-14.0;;14.6psi;195.8F;NODATA;56.5%;NODATA;1215RPM;NODATA;10.18g/s;null;null;NODATA;Gasoline;53.6F;NODATA;32.93mph;NODATA;-1.6%;00:17:52;18.8%;MIL is OFF0 codes;;71.0%;1.0%
1460513252610;42.57624974;-71.17374018;-13.0;;14.6psi;195.8F;NODATA;58.8%;NODATA;1264RPM;NODATA;10.90g/s;null;null;NODATA;Gasoline;55.4F;NODATA;34.18mph;NODATA;0.8%;00:17:58;19.2%;MIL is OFF0 codes;;70.2%;1.0%
1460513258644;42.57625334;-71.17485219;-10.0;;14.6psi;195.8F;NODATA;55.3%;NODATA;1278RPM;NODATA;11.85g/s;null;null;NODATA;Gasoline;53.6F;NODATA;34.18mph;NODATA;1.6%;00:18:06;19.6%;MIL is OFF0 codes;;76.9%;0.0%
1460513264678;42.57652561;-71.17587803;-13.0;;14.6psi;195.8F;NODATA;63.9%;NODATA;1247RPM;NODATA;11.92g/s;null;null;NODATA;Gasoline;53.6F;NODATA;34.80mph;NODATA;3.9%;00:18:12;20.0%;MIL is OFF0 codes;;67.5%;1.0%
1460513270712;42.57684705;-71.17705772;-10.0;;14.6psi;197.6F;NODATA;59.2%;NODATA;1307RPM;NODATA;11.84g/s;null;null;NODATA;Gasoline;53.6F;NODATA;36.66mph;NODATA;2.3%;00:18:18;20.0%;MIL is OFF0 codes;;67.8%;1.0%
1460513276757;42.57687646;-71.17821957;-4.0;;14.6psi;197.6F;NODATA;60.0%;NODATA;1299RPM;NODATA;11.90g/s;null;null;NODATA;Gasoline;53.6F;NODATA;36.04mph;NODATA;3.1%;00:18:24;20.0%;MIL is OFF0 codes;;65.9%;1.0%
1460513282783;42.57690241;-71.17943234;0.0;;14.6psi;197.6F;NODATA;60.4%;NODATA;1332RPM;NODATA;12.39g/s;null;null;NODATA;Gasoline;53.6F;NODATA;37.28mph;NODATA;0.0%;00:18:30;20.0%;MIL is OFF0 codes;;65.1%;1.0%
1460513288839;42.57713261;-71.18062908;1.0;;14.6psi;197.6F;NODATA;47.5%;NODATA;1418RPM;NODATA;11.10g/s;null;null;NODATA;Gasoline;53.6F;NODATA;36.66mph;NODATA;-0.8%;00:18:36;19.2%;MIL is OFF0 codes;;81.2%;1.0%
1460513294881;42.5773855;-71.18177265;2.0;;14.6psi;197.6F;NODATA;55.3%;NODATA;1314RPM;NODATA;11.20g/s;null;null;NODATA;Gasoline;53.6F;NODATA;37.28mph;NODATA;-1.6%;00:18:42;19.2%;MIL is OFF0 codes;;70.2%;1.0%
1460513300907;42.57766623;-71.18293619;1.0;;14.6psi;197.6F;NODATA;52.2%;NODATA;1359RPM;NODATA;10.18g/s;null;null;NODATA;Gasoline;53.6F;NODATA;null;NODATA;0.0%;00:18:47;19.2%;MIL is OFF0 codes;;72.9%;1.0%
1460513308967;42.57807287;-71.18449735;4.0;;14.6psi;195.8F;NODATA;54.1%;NODATA;1369RPM;NODATA;11.32g/s;null;null;NODATA;Gasoline;53.6F;NODATA;37.28mph;NODATA;-1.6%;00:18:54;19.2%;MIL is OFF0 codes;;72.9%;1.0%
1460513314983;42.57854458;-71.18572214;2.0;;14.6psi;195.8F;NODATA;57.6%;NODATA;1367RPM;NODATA;13.87g/s;null;null;NODATA;Gasoline;53.6F;NODATA;35.42mph;NODATA;3.1%;00:19:01;20.8%;MIL is OFF0 codes;;73.7%;0.0%
1460513321008;42.57886127;-71.18680323;0.0;;14.6psi;195.8F;NODATA;61.6%;NODATA;1315RPM;NODATA;12.60g/s;null;null;NODATA;Gasoline;51.8F;NODATA;36.66mph;NODATA;3.9%;00:19:08;20.4%;MIL is OFF0 codes;;66.7%;1.0%
1460513327039;42.57927002;-71.18793286;0.0;;14.6psi;197.6F;NODATA;66.7%;NODATA;1367RPM;NODATA;14.89g/s;null;null;NODATA;Gasoline;51.8F;NODATA;37.28mph;NODATA;-3.1%;00:19:13;21.2%;MIL is OFF0 codes;;62.4%;1.0%
1460513333077;42.57966496;-71.18905311;-7.0;;14.6psi;197.6F;NODATA;54.9%;NODATA;1344RPM;NODATA;11.32g/s;null;null;NODATA;Gasoline;53.6F;NODATA;37.90mph;NODATA;0.0%;00:19:19;19.2%;MIL is OFF0 codes;;70.2%;1.0%
1460513339102;42.58006335;-71.19020183;-8.0;;14.6psi;195.8F;NODATA;41.2%;NODATA;1525RPM;NODATA;12.79g/s;null;null;NODATA;Gasoline;53.6F;NODATA;38.53mph;NODATA;2.3%;00:19:25;20.0%;MIL is OFF0 codes;;85.9%;0.0%
1460513345145;42.58031195;-71.1909137;-14.0;;14.6psi;195.8F;NODATA;53.7%;NODATA;1370RPM;NODATA;12.21g/s;null;null;NODATA;Gasoline;53.6F;NODATA;39.15mph;NODATA;1.6%;00:19:31;19.6%;MIL is OFF0 codes;;71.4%;1.0%
1460513351183;42.58081342;-71.19250183;-14.0;;14.6psi;195.8F;NODATA;53.3%;NODATA;1373RPM;NODATA;7.90g/s;null;null;NODATA;Gasoline;53.6F;NODATA;35.42mph;NODATA;-1.6%;00:19:37;17.3%;MIL is OFF0 codes;;71.8%;0.0%
1460513357225;42.58112681;-71.19358553;-12.0;;14.6psi;195.8F;NODATA;47.5%;NODATA;1360RPM;NODATA;10.06g/s;null;null;NODATA;Gasoline;53.6F;NODATA;35.42mph;NODATA;-0.8%;00:19:43;18.8%;MIL is OFF0 codes;;80.4%;1.0%
1460513363270;42.58141869;-71.19454081;-17.0;;14.6psi;195.8F;NODATA;25.1%;NODATA;1142RPM;NODATA;4.15g/s;null;null;NODATA;Gasoline;55.4F;NODATA;26.72mph;NODATA;0.0%;00:19:49;15.7%;MIL is OFF0 codes;;68.6%;0.0%
1460513369304;42.58153219;-71.19496988;-15.0;;14.6psi;194.0F;NODATA;27.5%;NODATA;987RPM;NODATA;4.28g/s;null;null;NODATA;Gasoline;55.4F;NODATA;10.56mph;NODATA;-0.8%;00:19:55;15.7%;MIL is OFF0 codes;;68.2%;0.0%
1460513375329;42.58186828;-71.19537768;-11.0;;14.6psi;195.8F;NODATA;60.8%;NODATA;1698RPM;NODATA;16.67g/s;null;null;NODATA;Gasoline;51.8F;NODATA;20.51mph;NODATA;1.6%;00:20:01;21.6%;MIL is OFF0 codes;;69.8%;0.0%
1460513381357;42.58236893;-71.19581883;-9.0;;14.6psi;195.8F;NODATA;62.7%;NODATA;1691RPM;NODATA;15.35g/s;null;null;NODATA;Gasoline;51.8F;NODATA;27.34mph;NODATA;0.0%;00:20:06;21.2%;MIL is OFF0 codes;;67.5%;1.0%
1460513387389;42.58298063;-71.19634605;-8.0;;14.6psi;195.8F;NODATA;63.9%;NODATA;1495RPM;NODATA;14.96g/s;null;null;NODATA;Gasoline;53.6F;NODATA;31.07mph;NODATA;0.8%;00:20:12;21.2%;MIL is OFF0 codes;;65.5%;1.0%
1460513393421;42.58362779;-71.19690506;-9.0;;14.6psi;195.8F;NODATA;52.9%;NODATA;1179RPM;NODATA;10.89g/s;null;null;NODATA;Gasoline;53.6F;NODATA;33.55mph;NODATA;1.6%;00:20:18;19.2%;MIL is OFF0 codes;;76.1%;0.0%
1460513399450;42.58438331;-71.19753902;-12.0;;14.6psi;197.6F;NODATA;56.5%;NODATA;1287RPM;NODATA;11.06g/s;null;null;NODATA;Gasoline;53.6F;NODATA;37.90mph;NODATA;0.8%;00:20:24;19.2%;MIL is OFF0 codes;;70.6%;1.0%
1460513405516;42.58518239;-71.19822082;-16.0;;14.6psi;195.8F;NODATA;30.6%;NODATA;1447RPM;NODATA;6.50g/s;null;null;NODATA;Gasoline;53.6F;NODATA;38.53mph;NODATA;-3.1%;00:20:30;17.3%;MIL is OFF0 codes;;81.6%;0.0%
1460513411530;42.5859615;-71.19894991;-13.0;;14.6psi;195.8F;NODATA;30.6%;NODATA;1453RPM;NODATA;5.90g/s;null;null;NODATA;Gasoline;55.4F;NODATA;37.28mph;NODATA;-0.8%;00:20:36;16.9%;MIL is OFF0 codes;;83.1%;1.0%
1460513417539;42.58670482;-71.19958242;-11.0;;14.6psi;194.0F;NODATA;27.1%;NODATA;1383RPM;NODATA;5.51g/s;null;null;NODATA;Gasoline;55.4F;NODATA;35.42mph;NODATA;1.6%;00:20:42;16.9%;MIL is OFF0 codes;;78.4%;1.0%
1460513423707;42.58741708;-71.20017493;-6.0;;14.6psi;194.0F;NODATA;28.2%;NODATA;1342RPM;NODATA;5.29g/s;null;null;NODATA;Gasoline;55.4F;NODATA;33.55mph;NODATA;-3.1%;00:20:48;16.5%;MIL is OFF0 codes;;79.2%;1.0%
1460513429802;42.58808101;-71.20071918;-6.0;;14.6psi;194.0F;NODATA;38.8%;NODATA;1279RPM;NODATA;7.68g/s;null;null;NODATA;Gasoline;53.6F;NODATA;31.69mph;NODATA;3.1%;00:20:55;17.6%;MIL is OFF0 codes;;81.2%;0.0%
1460513437949;42.58883925;-71.20164265;-3.0;;14.6psi;195.8F;NODATA;45.5%;NODATA;1168RPM;NODATA;4.06g/s;null;null;NODATA;Gasoline;55.4F;NODATA;29.83mph;NODATA;0.0%;00:21:00;15.3%;MIL is OFF0 codes;;76.1%;1.0%
1460513444032;42.58930427;-71.20231251;-2.0;;14.6psi;195.8F;NODATA;27.8%;NODATA;1064RPM;NODATA;3.75g/s;null;null;NODATA;Gasoline;55.4F;NODATA;21.13mph;NODATA;0.0%;00:21:08;16.1%;MIL is OFF0 codes;;60.4%;1.0%
1460513450138;42.58930427;-71.20231251;-2.0;;14.6psi;195.8F;NODATA;30.6%;NODATA;836RPM;NODATA;3.70g/s;null;null;NODATA;Gasoline;55.4F;NODATA;0.00mph;NODATA;0.0%;00:21:14;15.7%;MIL is OFF0 codes;;69.4%;0.0%
1460513456228;42.58930427;-71.20231251;-2.0;;14.6psi;195.8F;NODATA;32.2%;NODATA;782RPM;NODATA;3.68g/s;null;null;NODATA;Gasoline;55.4F;NODATA;0.00mph;NODATA;2.3%;00:21:20;15.7%;MIL is OFF0 codes;;54.9%;1.0%
1460513462343;42.58930427;-71.20231251;-2.0;;14.6psi;195.8F;NODATA;32.5%;NODATA;776RPM;NODATA;3.68g/s;null;null;NODATA;Gasoline;55.4F;NODATA;0.00mph;NODATA;2.3%;00:21:27;15.7%;MIL is OFF0 codes;;54.5%;1.0%
1460513468449;42.58926019;-71.2023415;-2.0;;14.6psi;195.8F;NODATA;32.5%;NODATA;776RPM;NODATA;3.68g/s;null;null;NODATA;Gasoline;55.4F;NODATA;0.00mph;NODATA;2.3%;00:21:33;15.7%;MIL is OFF0 codes;;54.1%;1.0%
1460513476597;42.58933925;-71.20246401;-4.0;;14.6psi;195.8F;NODATA;32.5%;NODATA;777RPM;NODATA;3.68g/s;null;null;NODATA;Gasoline;55.4F;NODATA;8.08mph;NODATA;3.1%;00:21:39;15.7%;MIL is OFF0 codes;;54.5%;1.0%
1460513482704;42.58929145;-71.20298665;0.0;;14.6psi;195.8F;NODATA;56.5%;NODATA;1585RPM;NODATA;13.90g/s;null;null;NODATA;Gasoline;53.6F;NODATA;21.13mph;NODATA;-1.6%;00:21:46;20.8%;MIL is OFF0 codes;;71.8%;1.0%
1460513488804;42.58898034;-71.20364421;-3.0;;14.6psi;195.8F;NODATA;47.8%;NODATA;1399RPM;NODATA;10.89g/s;null;null;NODATA;Gasoline;55.4F;NODATA;24.85mph;NODATA;1.6%;00:21:52;19.2%;MIL is OFF0 codes;;81.6%;1.0%
1460513494904;42.58872376;-71.20413777;-3.0;;14.6psi;195.8F;NODATA;54.1%;NODATA;1353RPM;NODATA;11.10g/s;null;null;NODATA;Gasoline;55.4F;NODATA;28.58mph;NODATA;0.0%;00:21:58;19.2%;MIL is OFF0 codes;;71.8%;1.0%
1460513500971;42.58797703;-71.20498761;-6.0;;14.6psi;195.8F;NODATA;51.8%;NODATA;1447RPM;NODATA;10.85g/s;null;null;NODATA;Gasoline;55.4F;NODATA;29.20mph;NODATA;0.8%;00:22:04;19.2%;MIL is OFF0 codes;;71.8%;1.0%
1460513507044;42.58744176;-71.20541428;-5.0;;14.6psi;195.8F;NODATA;56.9%;NODATA;1589RPM;NODATA;13.67g/s;null;null;NODATA;Gasoline;53.6F;NODATA;30.45mph;NODATA;-0.8%;00:22:10;20.4%;MIL is OFF0 codes;;70.2%;1.0%
1460513513154;42.58669048;-71.20603719;-7.0;;14.6psi;197.6F;NODATA;36.5%;NODATA;1086RPM;NODATA;4.12g/s;null;null;NODATA;Gasoline;55.4F;NODATA;29.83mph;NODATA;-1.6%;00:22:16;16.5%;MIL is OFF0 codes;;69.8%;1.0%
1460513519251;42.58618124;-71.20667946;3.0;;14.6psi;null;NODATA;42.0%;NODATA;1289RPM;NODATA;8.37g/s;null;null;NODATA;Gasoline;55.4F;NODATA;null;NODATA;7.0%;00:22:23;18.0%;MIL is OFF0 codes;;80.4%;1.0%
1460513525307;42.58582705;-71.20735708;5.0;;14.6psi;195.8F;NODATA;51.4%;NODATA;1457RPM;NODATA;11.89g/s;null;null;NODATA;Gasoline;53.6F;NODATA;27.96mph;NODATA;1.6%;00:22:29;20.0%;MIL is OFF0 codes;;72.9%;1.0%
1460513531415;42.58555517;-71.20808226;4.0;;14.6psi;195.8F;NODATA;55.7%;NODATA;1625RPM;NODATA;14.17g/s;null;null;NODATA;Gasoline;53.6F;NODATA;24.85mph;NODATA;0.0%;00:22:34;20.4%;MIL is OFF0 codes;;71.0%;1.0%
1460513537535;42.58523972;-71.20894515;8.0;;14.6psi;197.6F;NODATA;57.6%;NODATA;1377RPM;NODATA;12.06g/s;null;null;NODATA;Gasoline;53.6F;NODATA;29.83mph;NODATA;0.0%;00:22:40;20.0%;MIL is OFF0 codes;;68.6%;1.0%
1460513543658;42.58495779;-71.2097606;6.0;;14.6psi;197.6F;NODATA;63.5%;NODATA;1182RPM;NODATA;11.79g/s;null;null;NODATA;Gasoline;53.6F;NODATA;34.18mph;NODATA;0.8%;00:22:46;20.0%;MIL is OFF0 codes;;63.9%;1.0%
1460513549709;42.58478017;-71.21105665;5.0;;14.6psi;199.4F;NODATA;58.0%;NODATA;1205RPM;NODATA;11.18g/s;null;null;NODATA;Gasoline;53.6F;NODATA;34.18mph;NODATA;-0.8%;00:22:52;19.2%;MIL is OFF0 codes;;68.2%;0.0%
1460513555853;42.58468177;-71.21218017;8.0;;14.6psi;197.6F;NODATA;28.2%;NODATA;1207RPM;NODATA;5.32g/s;null;null;NODATA;Gasoline;53.6F;NODATA;34.18mph;NODATA;-0.8%;00:22:58;17.3%;MIL is OFF0 codes;;47.5%;1.0%
1460513559878;42.58463699;-71.21316676;10.0;;14.6psi;197.6F;NODATA;57.3%;NODATA;1291RPM;NODATA;11.21g/s;null;null;NODATA;Gasoline;53.6F;NODATA;null;NODATA;3.1%;00:23:04;19.6%;MIL is OFF0 codes;;68.2%;1.0%
1460513565961;42.58460139;-71.21417995;10.0;;14.6psi;197.6F;NODATA;57.6%;NODATA;1317RPM;NODATA;11.43g/s;null;null;NODATA;Gasoline;53.6F;NODATA;36.04mph;NODATA;1.6%;00:23:08;19.6%;MIL is OFF0 codes;;67.5%;1.0%
1460513572057;42.58456703;-71.21555232;10.0;;14.6psi;197.6F;NODATA;49.4%;NODATA;1302RPM;NODATA;9.70g/s;null;null;NODATA;Gasoline;53.6F;NODATA;35.42mph;NODATA;3.9%;00:23:14;18.8%;MIL is OFF0 codes;;77.3%;0.0%
1460513578156;42.58449686;-71.21645763;9.0;;14.6psi;197.6F;NODATA;52.5%;NODATA;1317RPM;NODATA;10.09g/s;null;null;NODATA;Gasoline;53.6F;NODATA;36.66mph;NODATA;2.3%;00:23:20;18.8%;MIL is OFF0 codes;;71.4%;1.0%
1460513584225;42.58435444;-71.21788326;8.0;;14.6psi;195.8F;NODATA;38.8%;NODATA;1290RPM;NODATA;7.01g/s;null;null;NODATA;Gasoline;53.6F;NODATA;35.42mph;NODATA;4.7%;00:23:26;17.6%;MIL is OFF0 codes;;82.4%;1.0%
1460513588247;42.58424913;-71.21864977;15.0;;14.6psi;195.8F;NODATA;41.6%;NODATA;1260RPM;NODATA;7.04g/s;null;null;NODATA;Gasoline;53.6F;NODATA;null;NODATA;2.3%;00:23:32;17.6%;MIL is OFF0 codes;;80.4%;1.0%
1460513594385;42.58403009;-71.21974838;15.0;;14.6psi;195.8F;NODATA;46.3%;NODATA;1241RPM;NODATA;8.31g/s;null;null;NODATA;Gasoline;53.6F;NODATA;34.18mph;NODATA;2.3%;00:23:36;18.0%;MIL is OFF0 codes;;77.6%;1.0%
1460513600494;42.58373185;-71.22080521;15.0;;14.6psi;195.8F;NODATA;50.2%;NODATA;1258RPM;NODATA;9.79g/s;null;null;NODATA;Gasoline;55.4F;NODATA;33.55mph;NODATA;0.8%;00:23:42;18.8%;MIL is OFF0 codes;;76.1%;1.0%
1460513606593;42.58315002;-71.2216208;10.0;;14.6psi;195.8F;NODATA;39.2%;NODATA;1369RPM;NODATA;8.20g/s;null;null;NODATA;Gasoline;53.6F;NODATA;34.18mph;NODATA;3.9%;00:23:48;18.4%;MIL is OFF0 codes;;82.0%;0.0%
1460513614730;42.58237402;-71.22265157;7.0;;14.6psi;195.8F;NODATA;51.0%;NODATA;1533RPM;NODATA;11.50g/s;null;null;NODATA;Gasoline;51.8F;NODATA;34.18mph;NODATA;3.1%;00:23:55;19.6%;MIL is OFF0 codes;;75.3%;1.0%
1460513620827;42.58172249;-71.22349732;4.0;;14.6psi;195.8F;NODATA;58.0%;NODATA;1320RPM;NODATA;11.54g/s;null;null;NODATA;Gasoline;53.6F;NODATA;38.53mph;NODATA;0.8%;00:24:02;19.6%;MIL is OFF0 codes;;67.5%;1.0%
1460513626949;42.5809555;-71.22452125;3.0;;14.6psi;195.8F;NODATA;28.2%;NODATA;1423RPM;NODATA;7.06g/s;null;null;NODATA;Gasoline;53.6F;NODATA;37.90mph;NODATA;2.3%;00:24:09;18.0%;MIL is OFF0 codes;;74.9%;0.0%
1460513633042;42.58027847;-71.22537414;1.0;;14.6psi;195.8F;NODATA;56.5%;NODATA;1356RPM;NODATA;11.60g/s;null;null;NODATA;Gasoline;51.8F;NODATA;38.53mph;NODATA;3.1%;00:24:15;19.6%;MIL is OFF0 codes;;69.4%;1.0%
1460513639146;42.57977157;-71.22636578;3.0;;14.6psi;195.8F;NODATA;27.5%;NODATA;1408RPM;NODATA;10.60g/s;null;null;NODATA;Gasoline;51.8F;NODATA;37.28mph;NODATA;0.0%;00:24:20;20.4%;MIL is OFF0 codes;;69.4%;0.0%
1460513645258;42.57936054;-71.22729554;3.0;;14.6psi;195.8F;NODATA;28.2%;NODATA;1279RPM;NODATA;6.35g/s;null;null;NODATA;Gasoline;53.6F;NODATA;34.18mph;NODATA;-4.7%;00:24:26;17.3%;MIL is OFF0 codes;;52.9%;1.0%
1460513651353;42.57880668;-71.22821417;-6.0;;14.6psi;195.8F;NODATA;30.2%;NODATA;1342RPM;NODATA;6.46g/s;null;null;NODATA;Gasoline;53.6F;NODATA;34.80mph;NODATA;3.9%;00:24:32;17.3%;MIL is OFF0 codes;;80.4%;1.0%
1460513657480;42.57835085;-71.22926267;-6.0;;14.6psi;195.8F;NODATA;56.1%;NODATA;1322RPM;NODATA;11.09g/s;null;null;NODATA;Gasoline;51.8F;NODATA;37.90mph;NODATA;1.6%;00:24:38;19.6%;MIL is OFF0 codes;;69.4%;1.0%
1460513663523;42.57796743;-71.23037097;-5.0;;14.6psi;195.8F;NODATA;58.0%;NODATA;1350RPM;NODATA;12.15g/s;null;null;NODATA;Gasoline;51.8F;NODATA;34.80mph;NODATA;-0.8%;00:24:45;20.4%;MIL is OFF0 codes;;68.2%;1.0%
1460513669580;42.57766488;-71.23137017;6.0;;14.6psi;195.8F;NODATA;56.9%;NODATA;1639RPM;NODATA;14.32g/s;null;null;NODATA;Gasoline;51.8F;NODATA;31.69mph;NODATA;-1.6%;00:24:50;20.8%;MIL is OFF0 codes;;70.2%;1.0%
1460513675608;42.57725957;-71.23230342;5.0;;14.6psi;195.8F;NODATA;24.3%;NODATA;1165RPM;NODATA;4.78g/s;null;null;NODATA;Gasoline;53.6F;NODATA;35.42mph;NODATA;-7.0%;00:24:56;15.7%;MIL is OFF0 codes;;68.6%;1.0%
1460513681693;42.57673731;-71.23313702;10.0;;14.6psi;195.8F;NODATA;22.7%;NODATA;1226RPM;NODATA;3.75g/s;null;null;NODATA;Gasoline;55.4F;NODATA;32.31mph;NODATA;-4.7%;00:25:02;15.7%;MIL is OFF0 codes;;68.6%;1.0%
1460513687791;42.57626061;-71.23382367;12.0;;14.6psi;195.8F;NODATA;24.3%;NODATA;1103RPM;NODATA;3.95g/s;null;null;NODATA;Gasoline;55.4F;NODATA;23.61mph;NODATA;-3.1%;00:25:08;15.7%;MIL is OFF0 codes;;68.2%;1.0%
1460513693858;42.57617226;-71.23407189;11.0;;14.6psi;195.8F;NODATA;26.3%;NODATA;978RPM;NODATA;3.85g/s;null;null;NODATA;Gasoline;55.4F;NODATA;1.86mph;NODATA;-3.1%;00:25:14;15.7%;MIL is OFF0 codes;;67.8%;1.0%
1460513699955;42.57611423;-71.23428399;14.0;;14.6psi;195.8F;NODATA;32.9%;NODATA;771RPM;NODATA;18.45g/s;null;null;NODATA;Gasoline;51.8F;NODATA;16.16mph;NODATA;3.9%;00:25:20;21.6%;MIL is OFF0 codes;;55.7%;1.0%
1460513706015;42.57601884;-71.23530189;11.0;;14.6psi;195.8F;NODATA;78.0%;NODATA;1770RPM;NODATA;25.17g/s;null;null;NODATA;Gasoline;51.8F;NODATA;31.69mph;NODATA;1.6%;00:25:26;25.1%;MIL is OFF0 codes;;60.4%;1.0%
1460513712093;42.57569426;-71.23627501;13.0;;14.6psi;199.4F;NODATA;70.6%;NODATA;1687RPM;NODATA;4.51g/s;null;null;NODATA;Gasoline;53.6F;NODATA;31.69mph;NODATA;0.0%;00:25:32;16.1%;MIL is OFF0 codes;;59.6%;1.0%
1460513718165;42.57542849;-71.23719981;11.0;;14.6psi;199.4F;NODATA;43.1%;NODATA;1345RPM;NODATA;5.46g/s;null;null;NODATA;Gasoline;55.4F;NODATA;29.20mph;NODATA;0.0%;00:25:38;15.7%;MIL is OFF0 codes;;81.2%;1.0%
1460513724229;42.57525205;-71.23808086;9.0;;14.6psi;197.6F;NODATA;30.2%;NODATA;946RPM;NODATA;4.18g/s;null;null;NODATA;Gasoline;55.4F;NODATA;null;NODATA;-0.8%;00:25:44;15.7%;MIL is OFF0 codes;;69.0%;0.0%
1460513732308;42.57503578;-71.23885565;11.0;;14.6psi;195.8F;NODATA;28.2%;NODATA;1079RPM;NODATA;4.04g/s;null;null;NODATA;Gasoline;55.4F;NODATA;15.53mph;NODATA;0.0%;00:25:51;15.7%;MIL is OFF0 codes;;68.2%;0.0%
1460513738430;42.57478825;-71.23933841;14.0;;14.6psi;195.8F;NODATA;54.9%;NODATA;1567RPM;NODATA;13.39g/s;null;null;NODATA;Gasoline;53.6F;NODATA;19.88mph;NODATA;3.1%;00:25:58;20.8%;MIL is OFF0 codes;;70.6%;1.0%
1460513744497;42.57449651;-71.24004465;13.0;;14.6psi;195.8F;NODATA;62.4%;NODATA;1678RPM;NODATA;15.48g/s;null;null;NODATA;Gasoline;53.6F;NODATA;26.72mph;NODATA;-1.6%;00:26:04;21.2%;MIL is OFF0 codes;;67.1%;1.0%
1460513750558;42.57422061;-71.24095427;13.0;;14.6psi;197.6F;NODATA;63.5%;NODATA;1503RPM;NODATA;14.95g/s;null;null;NODATA;Gasoline;53.6F;NODATA;31.07mph;NODATA;1.6%;00:26:10;21.2%;MIL is OFF0 codes;;65.5%;1.0%
1460513756644;42.57376714;-71.24183132;14.0;;14.6psi;199.4F;NODATA;62.4%;NODATA;1184RPM;NODATA;10.67g/s;null;null;NODATA;Gasoline;53.6F;NODATA;33.55mph;NODATA;-0.8%;00:26:16;19.2%;MIL is OFF0 codes;;64.3%;1.0%
1460513762703;42.57313452;-71.24258306;12.0;;14.6psi;199.4F;NODATA;55.7%;NODATA;1253RPM;NODATA;10.32g/s;null;null;NODATA;Gasoline;53.6F;NODATA;34.18mph;NODATA;1.6%;00:26:22;19.2%;MIL is OFF0 codes;;67.8%;1.0%
1460513768758;42.57249875;-71.24329951;12.0;;14.6psi;199.4F;NODATA;34.5%;NODATA;1185RPM;NODATA;5.01g/s;null;null;NODATA;Gasoline;53.6F;NODATA;34.18mph;NODATA;3.1%;00:26:28;18.0%;MIL is OFF0 codes;;58.0%;1.0%
1460513774840;42.57186852;-71.24388727;10.0;;14.6psi;199.4F;NODATA;55.3%;NODATA;1242RPM;NODATA;10.12g/s;null;null;NODATA;Gasoline;53.6F;NODATA;34.18mph;NODATA;0.8%;00:26:34;18.8%;MIL is OFF0 codes;;69.0%;1.0%
1460513780904;42.57111358;-71.24456983;10.0;;14.6psi;199.4F;NODATA;54.5%;NODATA;1270RPM;NODATA;10.06g/s;null;null;NODATA;Gasoline;53.6F;NODATA;35.42mph;NODATA;0.8%;00:26:40;18.8%;MIL is OFF0 codes;;70.6%;1.0%
1460513786979;42.57030978;-71.24539992;8.0;;14.5psi;199.4F;NODATA;56.1%;NODATA;1289RPM;NODATA;10.84g/s;null;null;NODATA;Gasoline;51.8F;NODATA;35.42mph;NODATA;3.1%;00:26:46;19.2%;MIL is OFF0 codes;;69.4%;1.0%
1460513793049;42.56965541;-71.2462097;8.0;;14.5psi;199.4F;NODATA;56.5%;NODATA;1296RPM;NODATA;11.07g/s;null;null;NODATA;Gasoline;51.8F;NODATA;36.66mph;NODATA;3.1%;00:26:52;19.6%;MIL is OFF0 codes;;69.0%;1.0%
1460513799120;42.56896579;-71.24702092;7.0;;14.5psi;199.4F;NODATA;56.5%;NODATA;1334RPM;NODATA;11.56g/s;null;null;NODATA;Gasoline;51.8F;NODATA;36.66mph;NODATA;0.8%;00:26:58;19.6%;MIL is OFF0 codes;;69.4%;1.0%
1460513807222;42.56795631;-71.24801508;7.0;;14.5psi;199.4F;NODATA;56.1%;NODATA;1360RPM;NODATA;11.25g/s;null;null;NODATA;Gasoline;51.8F;NODATA;38.53mph;NODATA;1.6%;00:27:04;19.6%;MIL is OFF0 codes;;68.6%;1.0%
1460513813273;42.56730959;-71.24893147;7.0;;14.5psi;199.4F;NODATA;54.5%;NODATA;1387RPM;NODATA;10.53g/s;null;null;NODATA;Gasoline;51.8F;NODATA;40.39mph;NODATA;0.8%;00:27:12;19.2%;MIL is OFF0 codes;;71.4%;1.0%
1460513819382;42.56676884;-71.2499637;13.0;;14.6psi;199.4F;NODATA;48.6%;NODATA;1424RPM;NODATA;3.68g/s;null;null;NODATA;Gasoline;51.8F;NODATA;39.15mph;NODATA;0.0%;00:27:18;16.1%;MIL is OFF0 codes;;79.6%;1.0%
1460513825483;42.56632271;-71.25109319;12.0;;14.5psi;199.4F;NODATA;47.8%;NODATA;1391RPM;NODATA;9.67g/s;null;null;NODATA;Gasoline;51.8F;NODATA;40.39mph;NODATA;3.1%;00:27:24;18.8%;MIL is OFF0 codes;;79.2%;1.0%
1460513833529;42.56578207;-71.25267371;16.0;;14.5psi;199.4F;NODATA;52.9%;NODATA;1415RPM;NODATA;11.21g/s;null;null;NODATA;Gasoline;51.8F;NODATA;40.39mph;NODATA;1.6%;00:27:30;19.2%;MIL is OFF0 codes;;71.8%;1.0%
1460513839638;42.56530255;-71.2537491;15.0;;14.5psi;197.6F;NODATA;51.4%;NODATA;1401RPM;NODATA;10.51g/s;null;null;NODATA;Gasoline;51.8F;NODATA;39.15mph;NODATA;0.0%;00:27:37;19.2%;MIL is OFF0 codes;;72.9%;0.0%
1460513845709;42.56475587;-71.2546899;15.0;;14.6psi;197.6F;NODATA;23.5%;NODATA;1247RPM;NODATA;5.54g/s;null;null;NODATA;Gasoline;53.6F;NODATA;34.80mph;NODATA;-0.8%;00:27:44;17.3%;MIL is OFF0 codes;;69.4%;0.0%
1460513851796;42.5644476;-71.2556222;16.0;;14.5psi;195.8F;NODATA;31.0%;NODATA;1259RPM;NODATA;6.78g/s;null;null;NODATA;Gasoline;51.8F;NODATA;31.07mph;NODATA;3.9%;00:27:50;18.0%;MIL is OFF0 codes;;72.2%;0.0%
1460513857830;42.56459149;-71.25650349;18.0;;14.5psi;197.6F;NODATA;62.0%;NODATA;1131RPM;NODATA;11.54g/s;null;null;NODATA;Gasoline;51.8F;NODATA;27.34mph;NODATA;1.6%;00:27:56;20.0%;MIL is OFF0 codes;;66.3%;1.0%
1460513863916;42.56511429;-71.25714331;20.0;;14.5psi;197.6F;NODATA;61.2%;NODATA;1695RPM;NODATA;16.59g/s;null;null;NODATA;Gasoline;51.8F;NODATA;28.58mph;NODATA;-1.6%;00:28:02;21.6%;MIL is OFF0 codes;;67.5%;1.0%
1460513869971;42.56561423;-71.25804436;25.0;;14.5psi;199.4F;NODATA;63.9%;NODATA;1765RPM;NODATA;18.78g/s;null;null;NODATA;Gasoline;50.0F;NODATA;30.45mph;NODATA;-1.6%;00:28:07;22.4%;MIL is OFF0 codes;;66.3%;1.0%
1460513878025;42.56550484;-71.25930209;27.0;;14.5psi;199.4F;NODATA;63.5%;NODATA;1760RPM;NODATA;18.17g/s;null;null;NODATA;Gasoline;50.0F;NODATA;29.20mph;NODATA;-1.6%;00:28:14;22.0%;MIL is OFF0 codes;;66.7%;1.0%
1460513884066;42.565031;-71.25992519;32.0;;14.5psi;201.2F;NODATA;65.9%;NODATA;1864RPM;NODATA;20.17g/s;null;null;NODATA;Gasoline;50.0F;NODATA;26.72mph;NODATA;-0.8%;00:28:22;22.7%;MIL is OFF0 codes;;66.7%;1.0%
1460513890137;42.56455328;-71.26063579;33.0;;14.5psi;199.4F;NODATA;68.6%;NODATA;1938RPM;NODATA;22.28g/s;null;null;NODATA;Gasoline;50.0F;NODATA;30.45mph;NODATA;2.3%;00:28:28;23.9%;MIL is OFF0 codes;;65.9%;1.0%
1460513896207;42.56434112;-71.26158974;34.0;;14.5psi;199.4F;NODATA;74.5%;NODATA;2086RPM;NODATA;26.89g/s;null;null;NODATA;Gasoline;50.0F;NODATA;31.07mph;NODATA;0.8%;00:28:33;25.5%;MIL is OFF0 codes;;64.3%;1.0%
1460513902316;42.56409477;-71.26257298;41.0;;14.5psi;201.2F;NODATA;73.3%;NODATA;2131RPM;NODATA;27.37g/s;null;null;NODATA;Gasoline;50.0F;NODATA;33.55mph;NODATA;0.8%;00:28:39;25.5%;MIL is OFF0 codes;;65.5%;1.0%
1460513908420;42.56374308;-71.26356229;42.0;;14.5psi;201.2F;NODATA;59.6%;NODATA;1672RPM;NODATA;15.03g/s;null;null;NODATA;Gasoline;50.0F;NODATA;34.18mph;NODATA;-1.6%;00:28:46;20.8%;MIL is OFF0 codes;;68.2%;1.0%
1460513914466;42.56311783;-71.26438437;47.0;;14.5psi;203.0F;NODATA;61.6%;NODATA;1282RPM;NODATA;12.18g/s;null;null;NODATA;Gasoline;50.0F;NODATA;36.04mph;NODATA;3.1%;00:28:52;20.4%;MIL is OFF0 codes;;63.5%;1.0%
1460513920537;42.56237664;-71.26513775;48.0;;14.5psi;203.0F;NODATA;35.7%;NODATA;1449RPM;NODATA;11.48g/s;null;null;NODATA;Gasoline;50.0F;NODATA;37.90mph;NODATA;1.6%;00:28:57;19.6%;MIL is OFF0 codes;;75.3%;1.0%
1460513926608;42.56152075;-71.26572931;46.0;;14.5psi;201.2F;NODATA;56.5%;NODATA;1400RPM;NODATA;11.95g/s;null;null;NODATA;Gasoline;51.8F;NODATA;38.53mph;NODATA;0.0%;00:29:04;19.2%;MIL is OFF0 codes;;68.2%;1.0%
1460513932668;42.56085;-71.26646819;47.0;;14.5psi;199.4F;NODATA;23.5%;NODATA;1253RPM;NODATA;4.04g/s;null;null;NODATA;Gasoline;51.8F;NODATA;35.42mph;NODATA;0.0%;00:29:09;15.7%;MIL is OFF0 codes;;69.4%;0.0%
1460513938760;42.56041152;-71.26738989;48.0;;14.6psi;199.4F;NODATA;23.9%;NODATA;1200RPM;NODATA;3.98g/s;null;null;NODATA;Gasoline;53.6F;NODATA;31.69mph;NODATA;0.0%;00:29:15;15.7%;MIL is OFF0 codes;;69.0%;0.0%
1460513944821;42.56003117;-71.26818074;50.0;;14.6psi;195.8F;NODATA;27.5%;NODATA;1016RPM;NODATA;4.03g/s;null;null;NODATA;Gasoline;53.6F;NODATA;null;NODATA;0.0%;00:29:22;15.7%;MIL is OFF0 codes;;68.2%;0.0%
1460513950886;42.55982247;-71.26858747;51.0;;14.6psi;195.8F;NODATA;22.7%;NODATA;1251RPM;NODATA;3.93g/s;null;null;NODATA;Gasoline;55.4F;NODATA;7.46mph;NODATA;-3.1%;00:29:28;15.7%;MIL is OFF0 codes;;70.6%;0.0%
1460513956954;42.55981583;-71.2686542;52.0;;14.5psi;195.8F;NODATA;32.2%;NODATA;797RPM;NODATA;3.71g/s;null;null;NODATA;Gasoline;55.4F;NODATA;0.00mph;NODATA;1.6%;00:29:33;15.7%;MIL is OFF0 codes;;60.4%;0.0%
1460513963018;42.55981583;-71.2686542;52.0;;14.5psi;197.6F;NODATA;30.6%;NODATA;778RPM;NODATA;3.35g/s;null;null;NODATA;Gasoline;55.4F;NODATA;0.00mph;NODATA;1.6%;00:29:39;15.3%;MIL is OFF0 codes;;59.6%;1.0%
1460513969095;42.55981583;-71.2686542;52.0;;14.5psi;197.6F;NODATA;30.2%;NODATA;764RPM;NODATA;3.26g/s;null;null;NODATA;Gasoline;55.4F;NODATA;0.00mph;NODATA;2.3%;00:29:45;15.3%;MIL is OFF0 codes;;57.6%;1.0%
1460513975160;42.55975775;-71.26864588;51.0;;14.5psi;199.4F;NODATA;29.8%;NODATA;750RPM;NODATA;3.14g/s;null;null;NODATA;Gasoline;55.4F;NODATA;6.84mph;NODATA;3.9%;00:29:52;15.3%;MIL is OFF0 codes;;58.4%;1.0%
1460513981266;42.55961814;-71.26909899;50.0;;14.5psi;197.6F;NODATA;47.5%;NODATA;1725RPM;NODATA;11.09g/s;null;null;NODATA;Gasoline;53.6F;NODATA;16.78mph;NODATA;2.3%;00:29:57;19.2%;MIL is OFF0 codes;;83.1%;1.0%
1460513987287;42.55924771;-71.26939793;50.0;;14.5psi;197.6F;NODATA;38.8%;NODATA;1193RPM;NODATA;7.10g/s;null;null;NODATA;Gasoline;55.4F;NODATA;18.64mph;NODATA;3.1%;00:30:03;17.6%;MIL is OFF0 codes;;79.6%;1.0%
1460513993398;42.55870405;-71.26942351;50.0;;14.5psi;199.4F;NODATA;54.9%;NODATA;1482RPM;NODATA;12.45g/s;null;null;NODATA;Gasoline;53.6F;NODATA;25.48mph;NODATA;0.0%;00:30:09;20.0%;MIL is OFF0 codes;;70.6%;1.0%
1460514001453;42.55776127;-71.26937651;51.0;;14.5psi;199.4F;NODATA;61.2%;NODATA;1391RPM;NODATA;13.39g/s;null;null;NODATA;Gasoline;53.6F;NODATA;30.45mph;NODATA;-2.3%;00:30:15;20.4%;MIL is OFF0 codes;;67.1%;1.0%
1460514007513;42.55693911;-71.2694418;46.0;;14.6psi;201.2F;NODATA;60.4%;NODATA;1244RPM;NODATA;10.28g/s;null;null;NODATA;Gasoline;55.4F;NODATA;32.93mph;NODATA;0.0%;00:30:23;17.3%;MIL is OFF0 codes;;66.3%;1.0%
1460514013584;42.55618811;-71.2696111;44.0;;14.5psi;199.4F;NODATA;24.7%;NODATA;1100RPM;NODATA;7.35g/s;null;null;NODATA;Gasoline;55.4F;NODATA;31.69mph;NODATA;2.3%;00:30:29;18.0%;MIL is OFF0 codes;;67.8%;0.0%
1460514019668;42.55536037;-71.26963534;41.0;;14.6psi;199.4F;NODATA;54.5%;NODATA;1219RPM;NODATA;8.75g/s;null;null;NODATA;Gasoline;55.4F;NODATA;32.31mph;NODATA;0.0%;00:30:35;17.3%;MIL is OFF0 codes;;70.2%;1.0%
1460514025704;42.55461025;-71.26958599;39.0;;14.6psi;197.6F;NODATA;27.1%;NODATA;1055RPM;NODATA;4.15g/s;null;null;NODATA;Gasoline;57.2F;NODATA;29.83mph;NODATA;0.0%;00:30:41;15.7%;MIL is OFF0 codes;;68.2%;0.0%
1460514031772;42.55408387;-71.2698392;45.0;;14.6psi;195.8F;NODATA;23.9%;NODATA;1239RPM;NODATA;3.64g/s;null;null;NODATA;Gasoline;57.2F;NODATA;18.64mph;NODATA;0.0%;00:30:47;15.3%;MIL is OFF0 codes;;68.6%;0.0%
1460514039892;42.55335611;-71.26959682;44.0;;14.5psi;195.8F;NODATA;23.9%;NODATA;1261RPM;NODATA;9.85g/s;null;null;NODATA;Gasoline;55.4F;NODATA;24.23mph;NODATA;6.2%;00:30:53;19.2%;MIL is OFF0 codes;;67.8%;0.0%
1460514045977;42.55278571;-71.26930464;40.0;;14.6psi;195.8F;NODATA;22.7%;NODATA;1271RPM;NODATA;3.79g/s;null;null;NODATA;Gasoline;57.2F;NODATA;24.23mph;NODATA;0.0%;00:31:01;15.7%;MIL is OFF0 codes;;69.4%;0.0%
1460514052047;42.55227024;-71.26905387;40.0;;14.6psi;194.0F;NODATA;22.7%;NODATA;1289RPM;NODATA;4.28g/s;null;null;NODATA;Gasoline;55.4F;NODATA;22.99mph;NODATA;0.0%;00:31:07;16.1%;MIL is OFF0 codes;;67.8%;0.0%
1460514058115;42.55174163;-71.26895964;39.0;;14.6psi;194.0F;NODATA;24.3%;NODATA;1146RPM;NODATA;3.64g/s;null;null;NODATA;Gasoline;57.2F;NODATA;22.37mph;NODATA;0.0%;00:31:12;15.3%;MIL is OFF0 codes;;68.6%;0.0%
1460514064189;42.55135558;-71.26907667;34.0;;14.6psi;194.0F;NODATA;22.4%;NODATA;1393RPM;NODATA;4.17g/s;null;null;NODATA;Gasoline;59.0F;NODATA;14.29mph;NODATA;0.0%;00:31:19;15.7%;MIL is OFF0 codes;;70.2%;0.0%
1460514070256;42.55142725;-71.26855668;32.0;;14.5psi;194.0F;NODATA;51.8%;NODATA;1415RPM;NODATA;13.17g/s;null;null;NODATA;Gasoline;55.4F;NODATA;17.40mph;NODATA;4.7%;00:31:24;20.4%;MIL is OFF0 codes;;76.9%;0.0%
1460514076317;42.55152962;-71.26807232;31.0;;14.6psi;194.0F;NODATA;22.0%;NODATA;1110RPM;NODATA;3.28g/s;null;null;NODATA;Gasoline;57.2F;NODATA;11.81mph;NODATA;0.0%;00:31:31;15.3%;MIL is OFF0 codes;;67.8%;1.0%
1460514082374;42.55161484;-71.26759607;31.0;;14.6psi;195.8F;NODATA;44.7%;NODATA;1346RPM;NODATA;8.71g/s;null;null;NODATA;Gasoline;57.2F;NODATA;14.29mph;NODATA;4.7%;00:31:37;18.4%;MIL is OFF0 codes;;79.6%;1.0%
1460514088399;42.55170987;-71.26719043;37.0;;14.5psi;195.8F;NODATA;25.5%;NODATA;959RPM;NODATA;8.51g/s;null;null;NODATA;Gasoline;55.4F;NODATA;12.43mph;NODATA;6.2%;00:31:43;18.8%;MIL is OFF0 codes;;67.5%;1.0%
1460514094456;42.55179289;-71.26679278;36.0;;14.6psi;195.8F;NODATA;53.7%;NODATA;1543RPM;NODATA;8.76g/s;null;null;NODATA;Gasoline;57.2F;NODATA;11.81mph;NODATA;-8.6%;00:31:48;15.3%;MIL is OFF0 codes;;73.3%;1.0%
1460514100583;42.5518827;-71.26649189;37.0;;14.6psi;195.8F;NODATA;55.3%;NODATA;1589RPM;NODATA;14.59g/s;null;null;NODATA;Gasoline;57.2F;NODATA;4.35mph;NODATA;-5.5%;00:31:55;21.2%;MIL is OFF0 codes;;72.9%;1.0%
1460514106597;42.55185722;-71.26655841;37.0;;14.6psi;199.4F;NODATA;32.2%;NODATA;779RPM;NODATA;4.59g/s;null;null;NODATA;Gasoline;59.0F;NODATA;1.86mph;NODATA;-1.6%;00:32:01;15.7%;MIL is OFF0 codes;;59.6%;1.0%
1460514112686;42.55185722;-71.26655841;37.0;;14.6psi;199.4F;NODATA;32.2%;NODATA;777RPM;NODATA;3.51g/s;null;null;NODATA;Gasoline;59.0F;NODATA;0.00mph;NODATA;1.6%;00:32:06;15.3%;MIL is OFF0 codes;;57.3%;1.0%
1460514118750;42.55195462;-71.26651939;37.0;;14.6psi;199.4F;NODATA;52.9%;NODATA;1502RPM;NODATA;9.68g/s;null;null;NODATA;Gasoline;59.0F;NODATA;3.73mph;NODATA;-4.7%;00:32:12;16.9%;MIL is OFF0 codes;;72.9%;1.0%
1460514126819;42.55198375;-71.26657619;36.0;;14.6psi;201.2F;NODATA;30.2%;NODATA;781RPM;NODATA;3.48g/s;null;null;NODATA;Gasoline;59.0F;NODATA;1.86mph;NODATA;0.8%;00:32:19;15.3%;MIL is OFF0 codes;;65.1%;1.0%
1460514132913;42.55198375;-71.26657619;36.0;;14.6psi;201.2F;NODATA;25.5%;NODATA;849RPM;NODATA;2.71g/s;null;null;NODATA;Gasoline;60.8F;NODATA;0.00mph;NODATA;-0.8%;00:32:26;14.5%;MIL is OFF0 codes;;53.7%;1.0%
1460514139003;42.55198375;-71.26657619;36.0;;14.6psi;201.2F;NODATA;0.0%;NODATA;0RPM;NODATA;0.43g/s;null;null;NODATA;Gasoline;60.8F;NODATA;0.00mph;NODATA;0.0%;00:00:00;18.0%;MIL is OFF0 codes;;54.1%;0.0%
1460514145044;42.55198375;-71.26657619;36.0;;14.6psi;199.4F;NODATA;0.0%;NODATA;0RPM;NODATA;0.40g/s;null;null;NODATA;Gasoline;64.4F;NODATA;0.00mph;NODATA;0.0%;00:00:00;18.0%;MIL is OFF0 codes;;54.1%;0.0%